﻿<?xml version="1.0" encoding="utf-8"?>
<abapGit version="v1.0.0" serializer="LCL_OBJECT_CLAS" serializer_version="v1.0.0">
 <asx:abap xmlns:asx="http://www.sap.com/abapxml" version="1.0">
  <asx:values>
   <VSEOCLASS>
    <CLSNAME>ZCL_SMX_PAL</CLSNAME>
    <VERSION>1</VERSION>
    <LANGU>E</LANGU>
    <DESCRIPT>PAL: Protocol and Application Log Handler</DESCRIPT>
    <EXPOSURE>2</EXPOSURE>
    <STATE>1</STATE>
    <CLSFINAL>X</CLSFINAL>
    <CLSCCINCL>X</CLSCCINCL>
    <FIXPT>X</FIXPT>
    <UNICODE>X</UNICODE>
    <RSTAT>K</RSTAT>
    <MSG_ID>ZSMX_PAL</MSG_ID>
   </VSEOCLASS>
   <TPOOL>
    <item>
     <ID>I</ID>
     <KEY>APL</KEY>
     <ENTRY>Application Log</ENTRY>
     <LENGTH>25</LENGTH>
    </item>
    <item>
     <ID>I</ID>
     <KEY>DTU</KEY>
     <ENTRY>Date, Time, User</ENTRY>
     <LENGTH>26</LENGTH>
    </item>
    <item>
     <ID>I</ID>
     <KEY>MNF</KEY>
     <ENTRY>Message text not found</ENTRY>
     <LENGTH>44</LENGTH>
    </item>
    <item>
     <ID>I</ID>
     <KEY>MSA</KEY>
     <ENTRY>Doc., folder or dist. list</ENTRY>
     <LENGTH>52</LENGTH>
    </item>
   </TPOOL>
   <LINES>
    <TLINE>
     <TDFORMAT>U1</TDFORMAT>
     <TDLINE>&amp;FUNCTIONALITY&amp;</TDLINE>
    </TLINE>
    <TLINE>
     <TDFORMAT>AS</TDFORMAT>
    </TLINE>
    <TLINE>
     <TDFORMAT>U1</TDFORMAT>
     <TDLINE>&amp;RELATIONS&amp;</TDLINE>
    </TLINE>
    <TLINE>
     <TDFORMAT>AS</TDFORMAT>
     <TDLINE>The Application log is a singleton, that is, no more than one</TDLINE>
    </TLINE>
    <TLINE>
     <TDLINE>Application log may exist in a User session. .</TDLINE>
    </TLINE>
    <TLINE>
     <TDFORMAT>U1</TDFORMAT>
     <TDLINE>&amp;EXAMPLE&amp;</TDLINE>
    </TLINE>
    <TLINE>
     <TDFORMAT>AS</TDFORMAT>
    </TLINE>
    <TLINE>
     <TDFORMAT>U1</TDFORMAT>
     <TDLINE>&amp;HINTS&amp;</TDLINE>
    </TLINE>
    <TLINE>
     <TDFORMAT>AS</TDFORMAT>
     <TDLINE>Methods of this Class use Log handles to try to keep their Application</TDLINE>
    </TLINE>
    <TLINE>
     <TDLINE>log out of the way of other Application logs that might be started by</TDLINE>
    </TLINE>
    <TLINE>
     <TDLINE>called Methods or Functions.</TDLINE>
    </TLINE>
    <TLINE>
     <TDFORMAT>U1</TDFORMAT>
     <TDLINE>&amp;FURTHER_SOURCES_OF_INF&amp;</TDLINE>
    </TLINE>
    <TLINE>
     <TDFORMAT>AS</TDFORMAT>
    </TLINE>
   </LINES>
   <DESCRIPTIONS>
    <SEOCOMPOTX>
     <CLSNAME>ZCL_SMX_PAL</CLSNAME>
     <CMPNAME>BUILD_SORT</CMPNAME>
     <LANGU>E</LANGU>
     <DESCRIPT>Build a default Sort order for Application log display</DESCRIPT>
    </SEOCOMPOTX>
    <SEOCOMPOTX>
     <CLSNAME>ZCL_SMX_PAL</CLSNAME>
     <CMPNAME>CHANGE_BAL</CMPNAME>
     <LANGU>E</LANGU>
     <DESCRIPT>Change Log attributes</DESCRIPT>
    </SEOCOMPOTX>
    <SEOCOMPOTX>
     <CLSNAME>ZCL_SMX_PAL</CLSNAME>
     <CMPNAME>CREATE_BAL</CMPNAME>
     <LANGU>E</LANGU>
     <DESCRIPT>Make a fresh Log and give back its Handle</DESCRIPT>
    </SEOCOMPOTX>
    <SEOCOMPOTX>
     <CLSNAME>ZCL_SMX_PAL</CLSNAME>
     <CMPNAME>DISP_BAL</CMPNAME>
     <LANGU>E</LANGU>
     <DESCRIPT>Display an Application log; C-B Exc.</DESCRIPT>
    </SEOCOMPOTX>
    <SEOCOMPOTX>
     <CLSNAME>ZCL_SMX_PAL</CLSNAME>
     <CMPNAME>DISP_BAL_CTL</CMPNAME>
     <LANGU>E</LANGU>
     <DESCRIPT>Display an Application log  in a Container</DESCRIPT>
    </SEOCOMPOTX>
    <SEOCOMPOTX>
     <CLSNAME>ZCL_SMX_PAL</CLSNAME>
     <CMPNAME>FILL_PROFILE</CMPNAME>
     <LANGU>E</LANGU>
     <DESCRIPT>Set default Application log display parameters</DESCRIPT>
    </SEOCOMPOTX>
    <SEOCOMPOTX>
     <CLSNAME>ZCL_SMX_PAL</CLSNAME>
     <CMPNAME>FREE</CMPNAME>
     <LANGU>E</LANGU>
     <DESCRIPT>Kill the Singleton Instance. Garbage collector gets it.</DESCRIPT>
    </SEOCOMPOTX>
    <SEOCOMPOTX>
     <CLSNAME>ZCL_SMX_PAL</CLSNAME>
     <CMPNAME>FREE_BAL</CMPNAME>
     <LANGU>E</LANGU>
     <DESCRIPT>Kill in-memory Log</DESCRIPT>
    </SEOCOMPOTX>
    <SEOCOMPOTX>
     <CLSNAME>ZCL_SMX_PAL</CLSNAME>
     <CMPNAME>FREE_BAL_CTL</CMPNAME>
     <LANGU>E</LANGU>
     <DESCRIPT>Kill an Application log  in a Container</DESCRIPT>
    </SEOCOMPOTX>
    <SEOCOMPOTX>
     <CLSNAME>ZCL_SMX_PAL</CLSNAME>
     <CMPNAME>FROM_BAL_T_MSG</CMPNAME>
     <LANGU>E</LANGU>
     <DESCRIPT>Store Messages from App. log format</DESCRIPT>
    </SEOCOMPOTX>
    <SEOCOMPOTX>
     <CLSNAME>ZCL_SMX_PAL</CLSNAME>
     <CMPNAME>FROM_BDCMSG</CMPNAME>
     <LANGU>E</LANGU>
     <DESCRIPT>Store Messages from CALL_TRANSACTION</DESCRIPT>
    </SEOCOMPOTX>
    <SEOCOMPOTX>
     <CLSNAME>ZCL_SMX_PAL</CLSNAME>
     <CMPNAME>FROM_ERRPROT</CMPNAME>
     <LANGU>E</LANGU>
     <DESCRIPT>Store Messages from MM Message handler</DESCRIPT>
    </SEOCOMPOTX>
    <SEOCOMPOTX>
     <CLSNAME>ZCL_SMX_PAL</CLSNAME>
     <CMPNAME>FROM_HR_MSG</CMPNAME>
     <LANGU>E</LANGU>
     <DESCRIPT>Store Messages from HR Functions</DESCRIPT>
    </SEOCOMPOTX>
    <SEOCOMPOTX>
     <CLSNAME>ZCL_SMX_PAL</CLSNAME>
     <CMPNAME>FROM_RET2</CMPNAME>
     <LANGU>E</LANGU>
     <DESCRIPT>Store Message from BAPI</DESCRIPT>
    </SEOCOMPOTX>
    <SEOCOMPOTX>
     <CLSNAME>ZCL_SMX_PAL</CLSNAME>
     <CMPNAME>FROM_RETURN</CMPNAME>
     <LANGU>E</LANGU>
     <DESCRIPT>Log Message from BAPI RETURN</DESCRIPT>
    </SEOCOMPOTX>
    <SEOCOMPOTX>
     <CLSNAME>ZCL_SMX_PAL</CLSNAME>
     <CMPNAME>FROM_SFERROR</CMPNAME>
     <LANGU>E</LANGU>
     <DESCRIPT>Store Messages from Smartform</DESCRIPT>
    </SEOCOMPOTX>
    <SEOCOMPOTX>
     <CLSNAME>ZCL_SMX_PAL</CLSNAME>
     <CMPNAME>FROM_SMESG</CMPNAME>
     <LANGU>E</LANGU>
     <DESCRIPT>Store Messages from FI Message handler</DESCRIPT>
    </SEOCOMPOTX>
    <SEOCOMPOTX>
     <CLSNAME>ZCL_SMX_PAL</CLSNAME>
     <CMPNAME>FROM_SYST</CMPNAME>
     <LANGU>E</LANGU>
     <DESCRIPT>Log Message from SYST</DESCRIPT>
    </SEOCOMPOTX>
    <SEOCOMPOTX>
     <CLSNAME>ZCL_SMX_PAL</CLSNAME>
     <CMPNAME>FROM_WF</CMPNAME>
     <LANGU>E</LANGU>
     <DESCRIPT>Store Messages when starting a Workflow</DESCRIPT>
    </SEOCOMPOTX>
    <SEOCOMPOTX>
     <CLSNAME>ZCL_SMX_PAL</CLSNAME>
     <CMPNAME>GET_BALS</CMPNAME>
     <LANGU>E</LANGU>
     <DESCRIPT>Read Logs selected by a Filter and return a list of Handles</DESCRIPT>
    </SEOCOMPOTX>
    <SEOCOMPOTX>
     <CLSNAME>ZCL_SMX_PAL</CLSNAME>
     <CMPNAME>GET_JOB</CMPNAME>
     <LANGU>E</LANGU>
     <DESCRIPT>Get Attributes of the Job this App. is running in right now</DESCRIPT>
    </SEOCOMPOTX>
    <SEOCOMPOTX>
     <CLSNAME>ZCL_SMX_PAL</CLSNAME>
     <CMPNAME>KV_BAL_EXTNUMBER</CMPNAME>
     <LANGU>E</LANGU>
     <DESCRIPT>Application Log: External ID</DESCRIPT>
    </SEOCOMPOTX>
    <SEOCOMPOTX>
     <CLSNAME>ZCL_SMX_PAL</CLSNAME>
     <CMPNAME>KV_BAL_OBJECT</CMPNAME>
     <LANGU>E</LANGU>
     <DESCRIPT>Application Log: Object Name (Application Code)</DESCRIPT>
    </SEOCOMPOTX>
    <SEOCOMPOTX>
     <CLSNAME>ZCL_SMX_PAL</CLSNAME>
     <CMPNAME>KV_BAL_SUBOBJECT</CMPNAME>
     <LANGU>E</LANGU>
     <DESCRIPT>Application Log: Subobject</DESCRIPT>
    </SEOCOMPOTX>
    <SEOCOMPOTX>
     <CLSNAME>ZCL_SMX_PAL</CLSNAME>
     <CMPNAME>LOAD_BAL</CMPNAME>
     <LANGU>E</LANGU>
     <DESCRIPT>Read a Log from the database and give back its Handle</DESCRIPT>
    </SEOCOMPOTX>
    <SEOCOMPOTX>
     <CLSNAME>ZCL_SMX_PAL</CLSNAME>
     <CMPNAME>LOAD_BAL_FOR_DATE</CMPNAME>
     <LANGU>E</LANGU>
     <DESCRIPT>Find and read or create Log(s) by Date (usually today)</DESCRIPT>
    </SEOCOMPOTX>
    <SEOCOMPOTX>
     <CLSNAME>ZCL_SMX_PAL</CLSNAME>
     <CMPNAME>MERGE_PAL</CMPNAME>
     <LANGU>E</LANGU>
     <DESCRIPT>Add Defaults where Selections are empty</DESCRIPT>
    </SEOCOMPOTX>
    <SEOCOMPOTX>
     <CLSNAME>ZCL_SMX_PAL</CLSNAME>
     <CMPNAME>MS_BALHDR</CMPNAME>
     <LANGU>E</LANGU>
     <DESCRIPT>Application log: log header</DESCRIPT>
    </SEOCOMPOTX>
    <SEOCOMPOTX>
     <CLSNAME>ZCL_SMX_PAL</CLSNAME>
     <CMPNAME>MS_PAL</CMPNAME>
     <LANGU>E</LANGU>
     <DESCRIPT>PAL: Protocol and Application Log Selections</DESCRIPT>
    </SEOCOMPOTX>
    <SEOCOMPOTX>
     <CLSNAME>ZCL_SMX_PAL</CLSNAME>
     <CMPNAME>MS_PROFILE</CMPNAME>
     <LANGU>E</LANGU>
     <DESCRIPT>App. log Profile</DESCRIPT>
    </SEOCOMPOTX>
    <SEOCOMPOTX>
     <CLSNAME>ZCL_SMX_PAL</CLSNAME>
     <CMPNAME>MT_BAL_EXC</CMPNAME>
     <LANGU>E</LANGU>
     <DESCRIPT>App. log exceptions</DESCRIPT>
    </SEOCOMPOTX>
    <SEOCOMPOTX>
     <CLSNAME>ZCL_SMX_PAL</CLSNAME>
     <CMPNAME>MT_BAL_MSG</CMPNAME>
     <LANGU>E</LANGU>
     <DESCRIPT>Application Log: Table with Messages</DESCRIPT>
    </SEOCOMPOTX>
    <SEOCOMPOTX>
     <CLSNAME>ZCL_SMX_PAL</CLSNAME>
     <CMPNAME>MV_CONTROL_HANDLE</CMPNAME>
     <LANGU>E</LANGU>
     <DESCRIPT>MV_CONTROL_HANDLE</DESCRIPT>
    </SEOCOMPOTX>
    <SEOCOMPOTX>
     <CLSNAME>ZCL_SMX_PAL</CLSNAME>
     <CMPNAME>MV_LOG_HANDLE</CMPNAME>
     <LANGU>E</LANGU>
     <DESCRIPT>Application Log: Log handle</DESCRIPT>
    </SEOCOMPOTX>
    <SEOCOMPOTX>
     <CLSNAME>ZCL_SMX_PAL</CLSNAME>
     <CMPNAME>PROGRESS</CMPNAME>
     <LANGU>E</LANGU>
     <DESCRIPT>Display Progress indicator w/o percentage</DESCRIPT>
    </SEOCOMPOTX>
    <SEOCOMPOTX>
     <CLSNAME>ZCL_SMX_PAL</CLSNAME>
     <CMPNAME>PROGRESS_PCT</CMPNAME>
     <LANGU>E</LANGU>
     <DESCRIPT>Display Progress indicator w/percentage</DESCRIPT>
    </SEOCOMPOTX>
    <SEOCOMPOTX>
     <CLSNAME>ZCL_SMX_PAL</CLSNAME>
     <CMPNAME>PUT_BAL</CMPNAME>
     <LANGU>E</LANGU>
     <DESCRIPT>Place an Application log in a Container</DESCRIPT>
    </SEOCOMPOTX>
    <SEOCOMPOTX>
     <CLSNAME>ZCL_SMX_PAL</CLSNAME>
     <CMPNAME>REFRESH</CMPNAME>
     <LANGU>E</LANGU>
     <DESCRIPT>Clear the pointer to a Singleton instance of this Class</DESCRIPT>
    </SEOCOMPOTX>
    <SEOCOMPOTX>
     <CLSNAME>ZCL_SMX_PAL</CLSNAME>
     <CMPNAME>REFRESH_BAL_CTL</CMPNAME>
     <LANGU>E</LANGU>
     <DESCRIPT>Refresh an Application log  in a Container</DESCRIPT>
    </SEOCOMPOTX>
    <SEOCOMPOTX>
     <CLSNAME>ZCL_SMX_PAL</CLSNAME>
     <CMPNAME>RET_DEF_PROF</CMPNAME>
     <LANGU>E</LANGU>
     <DESCRIPT>Returns a Default Profile</DESCRIPT>
    </SEOCOMPOTX>
    <SEOCOMPOTX>
     <CLSNAME>ZCL_SMX_PAL</CLSNAME>
     <CMPNAME>RET_LFIL</CMPNAME>
     <LANGU>E</LANGU>
     <DESCRIPT>PAL: Create Application log display filter</DESCRIPT>
    </SEOCOMPOTX>
    <SEOCOMPOTX>
     <CLSNAME>ZCL_SMX_PAL</CLSNAME>
     <CMPNAME>RET_LOGH</CMPNAME>
     <LANGU>E</LANGU>
     <DESCRIPT>Read Logs selected by a Filter and return a list of Handles</DESCRIPT>
    </SEOCOMPOTX>
    <SEOCOMPOTX>
     <CLSNAME>ZCL_SMX_PAL</CLSNAME>
     <CMPNAME>RET_PROTOCOL</CMPNAME>
     <LANGU>E</LANGU>
     <DESCRIPT>Retrieve collected Messages</DESCRIPT>
    </SEOCOMPOTX>
    <SEOCOMPOTX>
     <CLSNAME>ZCL_SMX_PAL</CLSNAME>
     <CMPNAME>RET_REF_PAL</CMPNAME>
     <LANGU>E</LANGU>
     <DESCRIPT>Returns a pointer to a Singleton instance of this Class</DESCRIPT>
    </SEOCOMPOTX>
    <SEOCOMPOTX>
     <CLSNAME>ZCL_SMX_PAL</CLSNAME>
     <CMPNAME>RET_STD_PROF</CMPNAME>
     <LANGU>E</LANGU>
     <DESCRIPT>Gets and adapts Standard multi-log Profile</DESCRIPT>
    </SEOCOMPOTX>
    <SEOCOMPOTX>
     <CLSNAME>ZCL_SMX_PAL</CLSNAME>
     <CMPNAME>SAVE_BAL</CMPNAME>
     <LANGU>E</LANGU>
     <DESCRIPT>Save Applicaiton log</DESCRIPT>
    </SEOCOMPOTX>
    <SEOCOMPOTX>
     <CLSNAME>ZCL_SMX_PAL</CLSNAME>
     <CMPNAME>SD_CLRID</CMPNAME>
     <LANGU>E</LANGU>
     <DESCRIPT>PAL: Caller Identification Used by Callee</DESCRIPT>
    </SEOCOMPOTX>
    <SEOCOMPOTX>
     <CLSNAME>ZCL_SMX_PAL</CLSNAME>
     <CMPNAME>SEND</CMPNAME>
     <LANGU>E</LANGU>
     <DESCRIPT>Send Message parameters to Handler</DESCRIPT>
    </SEOCOMPOTX>
    <SEOCOMPOTX>
     <CLSNAME>ZCL_SMX_PAL</CLSNAME>
     <CMPNAME>SEND_EXC</CMPNAME>
     <LANGU>E</LANGU>
     <DESCRIPT>Send Exception text to Handler</DESCRIPT>
    </SEOCOMPOTX>
    <SEOCOMPOTX>
     <CLSNAME>ZCL_SMX_PAL</CLSNAME>
     <CMPNAME>SEND_MSG</CMPNAME>
     <LANGU>E</LANGU>
     <DESCRIPT>Send Message as a unit to Handler</DESCRIPT>
    </SEOCOMPOTX>
    <SEOCOMPOTX>
     <CLSNAME>ZCL_SMX_PAL</CLSNAME>
     <CMPNAME>SEND_SOM</CMPNAME>
     <LANGU>E</LANGU>
     <DESCRIPT>Send SAP Office Message</DESCRIPT>
    </SEOCOMPOTX>
    <SEOCOMPOTX>
     <CLSNAME>ZCL_SMX_PAL</CLSNAME>
     <CMPNAME>SET_PAL</CMPNAME>
     <LANGU>E</LANGU>
     <DESCRIPT>Change Protocol &amp; Application log Parameters</DESCRIPT>
    </SEOCOMPOTX>
    <SEOCOMPOTX>
     <CLSNAME>ZCL_SMX_PAL</CLSNAME>
     <CMPNAME>SO_PAL</CMPNAME>
     <LANGU>E</LANGU>
     <DESCRIPT>PAL: Protocol and Application Log Handler</DESCRIPT>
    </SEOCOMPOTX>
    <SEOCOMPOTX>
     <CLSNAME>ZCL_SMX_PAL</CLSNAME>
     <CMPNAME>TS_PAL</CMPNAME>
     <LANGU>E</LANGU>
     <DESCRIPT>PAL: Protocol and Application Log Selections</DESCRIPT>
    </SEOCOMPOTX>
    <SEOCOMPOTX>
     <CLSNAME>ZCL_SMX_PAL</CLSNAME>
     <CMPNAME>WRAPUP</CMPNAME>
     <LANGU>E</LANGU>
     <DESCRIPT>Create Summary for List output</DESCRIPT>
    </SEOCOMPOTX>
    <SEOCOMPOTX>
     <CLSNAME>ZCL_SMX_PAL</CLSNAME>
     <CMPNAME>XSET_BAL</CMPNAME>
     <LANGU>E</LANGU>
     <DESCRIPT>Change Application log Header</DESCRIPT>
    </SEOCOMPOTX>
   </DESCRIPTIONS>
  </asx:values>
 </asx:abap>
</abapGit>
