﻿<?xml version="1.0" encoding="utf-8"?>
<abapGit version="v1.0.0" serializer="LCL_OBJECT_CLAS" serializer_version="v1.0.0">
 <asx:abap xmlns:asx="http://www.sap.com/abapxml" version="1.0">
  <asx:values>
   <VSEOCLASS>
    <CLSNAME>ZCL_SMX_PAL_CTL</CLSNAME>
    <VERSION>1</VERSION>
    <LANGU>E</LANGU>
    <DESCRIPT>PAL: Application Controller Child</DESCRIPT>
    <STATE>1</STATE>
    <CLSFINAL>X</CLSFINAL>
    <CLSCCINCL>X</CLSCCINCL>
    <FIXPT>X</FIXPT>
    <UNICODE>X</UNICODE>
    <RSTAT>K</RSTAT>
    <MSG_ID>ZSMX_PAL</MSG_ID>
   </VSEOCLASS>
   <LINES>
    <TLINE>
     <TDFORMAT>U1</TDFORMAT>
     <TDLINE>&amp;FUNCTIONALITY&amp;</TDLINE>
    </TLINE>
    <TLINE>
     <TDFORMAT>U4</TDFORMAT>
     <TDLINE>Attributes of Class &quot;ZCL_CTL_WOCNV&quot;:</TDLINE>
    </TLINE>
    <TLINE>
     <TDFORMAT>AS</TDFORMAT>
     <TDLINE>Application log header values are stored as Constants.</TDLINE>
    </TLINE>
    <TLINE>
     <TDFORMAT>U4</TDFORMAT>
     <TDLINE>Methods of Class &quot;ZCL_CTL_WOCNV&quot;:</TDLINE>
    </TLINE>
    <TLINE>
     <TDFORMAT>AS</TDFORMAT>
     <TDLINE>The &quot;RET_REF_WOCNV&quot; Factory Method stores or retreives and returns a</TDLINE>
    </TLINE>
    <TLINE>
     <TDLINE>reference to a Singleton instance of the Global Mode Class</TDLINE>
    </TLINE>
    <TLINE>
     <TDLINE>&quot;ZCL_CTL_WOCNV&quot;. It does not update &quot;Caller ID&quot; as the Model factory</TDLINE>
    </TLINE>
    <TLINE>
     <TDLINE>methods do.</TDLINE>
    </TLINE>
    <TLINE>
     <TDFORMAT>*</TDFORMAT>
     <TDLINE>Transaction code(s) point to the static public &quot;ENTRY&quot; Method which</TDLINE>
    </TLINE>
    <TLINE>
     <TDLINE>starts an Instance and excecutes the &quot;MAIN&quot; Method..</TDLINE>
    </TLINE>
    <TLINE>
     <TDFORMAT>*</TDFORMAT>
     <TDLINE>The &quot;MAIN&quot; Method runs a nearly endless navigation loop which sets up,</TDLINE>
    </TLINE>
    <TLINE>
     <TDLINE>displays the Selection screen, displays the main Screen, runs the</TDLINE>
    </TLINE>
    <TLINE>
     <TDLINE>update, displays the Application log, cleans up and starts over.</TDLINE>
    </TLINE>
    <TLINE>
     <TDFORMAT>*</TDFORMAT>
     <TDLINE>&quot;FIX..&quot; Methods change values in the Object in their names and</TDLINE>
    </TLINE>
    <TLINE>
     <TDLINE>descriptions.</TDLINE>
    </TLINE>
    <TLINE>
     <TDFORMAT>*</TDFORMAT>
     <TDLINE>&quot;GET...&quot; Methods retreive value(s) referred to in their names and</TDLINE>
    </TLINE>
    <TLINE>
     <TDLINE>descriptions.</TDLINE>
    </TLINE>
    <TLINE>
     <TDFORMAT>*</TDFORMAT>
     <TDLINE>&quot;RET...&quot; Methods retreive value(s) referred to in their names and</TDLINE>
    </TLINE>
    <TLINE>
     <TDLINE>descriptions. They are structured with one or more</TDLINE>
    </TLINE>
    <TLINE>
     <TDFORMAT>U1</TDFORMAT>
     <TDLINE>&amp;RELATIONS&amp;</TDLINE>
    </TLINE>
    <TLINE>
     <TDFORMAT>AS</TDFORMAT>
     <TDLINE>This is the Child Model Global Class for Work order conversion Classical</TDLINE>
    </TLINE>
    <TLINE>
     <TDLINE>Dynpro Transactions. It is a Subclass of Model Clobal Class</TDLINE>
    </TLINE>
    <TLINE>
     <TDLINE>&quot;ZCL_CTL_WO2&quot; which is a Subclass of  &quot;ZCL_CTL_XAP&quot;. It</TDLINE>
    </TLINE>
    <TLINE>
     <TDLINE>specializes generic functionality from its parents.  The Dynpro Screens</TDLINE>
    </TLINE>
    <TLINE>
     <TDLINE>it uses are carried by Function group &quot;ZXBF_WOCNV&quot;.</TDLINE>
    </TLINE>
    <TLINE>
     <TDFORMAT>*</TDFORMAT>
    </TLINE>
    <TLINE>
     <TDFORMAT>U1</TDFORMAT>
     <TDLINE>&amp;EXAMPLE&amp;</TDLINE>
    </TLINE>
    <TLINE>
     <TDFORMAT>AS</TDFORMAT>
     <TDLINE>Do a &quot;Where used&quot; on any Method to see how to call it.</TDLINE>
    </TLINE>
    <TLINE>
     <TDFORMAT>*</TDFORMAT>
    </TLINE>
    <TLINE>
     <TDFORMAT>U1</TDFORMAT>
     <TDLINE>&amp;HINTS&amp;</TDLINE>
    </TLINE>
    <TLINE>
     <TDFORMAT>AS</TDFORMAT>
     <TDLINE>Start at &quot;SE80&quot; -&gt; &quot;Package&quot;  -&gt; &quot;ZXBF&quot;  -&gt; &quot;Subpackages&quot; -&gt; &quot;ZXBF_I</TDLINE>
    </TLINE>
    <TLINE>
     <TDLINE>and navigate down through the tree below.</TDLINE>
    </TLINE>
    <TLINE>
     <TDFORMAT>*</TDFORMAT>
    </TLINE>
    <TLINE>
     <TDFORMAT>U1</TDFORMAT>
     <TDLINE>&amp;FURTHER_SOURCES_OF_INF&amp;</TDLINE>
    </TLINE>
    <TLINE>
     <TDFORMAT>AS</TDFORMAT>
     <TDLINE>See also the &quot;Source Code Based&quot; View of this Class. Some Methods have</TDLINE>
    </TLINE>
    <TLINE>
     <TDLINE>&quot;Documentation&quot; (toolbar button).</TDLINE>
    </TLINE>
    <TLINE>
     <TDFORMAT>*</TDFORMAT>
     <TDLINE>See also &quot;...TOP&quot; INCLUDE and &quot;Function Group Doc.&quot; of  Function Group</TDLINE>
    </TLINE>
    <TLINE>
     <TDLINE>&quot;ZXBF_WOCNV&quot; .</TDLINE>
    </TLINE>
    <TLINE>
     <TDFORMAT>*</TDFORMAT>
     <TDLINE>The code in all Methods and INCLUDEs has inter-line and inline comments.</TDLINE>
    </TLINE>
    <TLINE>
     <TDFORMAT>*</TDFORMAT>
     <TDLINE>See also SAP Documentation for ABAP Objects....</TDLINE>
    </TLINE>
   </LINES>
   <DESCRIPTIONS>
    <SEOCOMPOTX>
     <CLSNAME>ZCL_SMX_PAL_CTL</CLSNAME>
     <CMPNAME>ENTRY</CMPNAME>
     <LANGU>E</LANGU>
     <DESCRIPT>Application entry point</DESCRIPT>
    </SEOCOMPOTX>
    <SEOCOMPOTX>
     <CLSNAME>ZCL_SMX_PAL_CTL</CLSNAME>
     <CMPNAME>RET_REF_PAL_CTL</CMPNAME>
     <LANGU>E</LANGU>
     <DESCRIPT>Make an Instance of the Controller</DESCRIPT>
    </SEOCOMPOTX>
    <SEOCOMPOTX>
     <CLSNAME>ZCL_SMX_PAL_CTL</CLSNAME>
     <CMPNAME>SO_ZCL</CMPNAME>
     <LANGU>E</LANGU>
     <DESCRIPT>SMX: Application Controller Child</DESCRIPT>
    </SEOCOMPOTX>
    <SEOCOMPOTX>
     <CLSNAME>ZCL_SMX_PAL_CTL</CLSNAME>
     <CMPNAME>TS_SEL</CMPNAME>
     <LANGU>E</LANGU>
     <DESCRIPT>PAL: Protocol and Application Log Selections</DESCRIPT>
    </SEOCOMPOTX>
   </DESCRIPTIONS>
  </asx:values>
 </asx:abap>
</abapGit>
