﻿<?xml version="1.0" encoding="utf-8"?>
<abapGit version="v1.0.0" serializer="LCL_OBJECT_CLAS" serializer_version="v1.0.0">
 <asx:abap xmlns:asx="http://www.sap.com/abapxml" version="1.0">
  <asx:values>
   <VSEOCLASS>
    <CLSNAME>ZCX_SMX_PAL</CLSNAME>
    <VERSION>1</VERSION>
    <LANGU>E</LANGU>
    <DESCRIPT>PAL: Protocol and Application Log Exception</DESCRIPT>
    <CATEGORY>40</CATEGORY>
    <EXPOSURE>2</EXPOSURE>
    <STATE>1</STATE>
    <CLSCCINCL>X</CLSCCINCL>
    <FIXPT>X</FIXPT>
    <UNICODE>X</UNICODE>
    <RSTAT>K</RSTAT>
    <MSG_ID>ZSMX_PAL</MSG_ID>
   </VSEOCLASS>
   <DESCRIPTIONS>
    <SEOCOMPOTX>
     <CLSNAME>ZCX_SMX_PAL</CLSNAME>
     <CMPNAME>CONSTRUCTOR</CMPNAME>
     <LANGU>E</LANGU>
     <DESCRIPT>CONSTRUCTOR</DESCRIPT>
    </SEOCOMPOTX>
    <SEOCOMPOTX>
     <CLSNAME>ZCX_SMX_PAL</CLSNAME>
     <CMPNAME>FIX_MSG</CMPNAME>
     <LANGU>E</LANGU>
     <DESCRIPT>Add stored Message values to Message w/context</DESCRIPT>
    </SEOCOMPOTX>
    <SEOCOMPOTX>
     <CLSNAME>ZCX_SMX_PAL</CLSNAME>
     <CMPNAME>MS_BAL_MSG</CMPNAME>
     <LANGU>E</LANGU>
     <DESCRIPT>Application Log: Message Data</DESCRIPT>
    </SEOCOMPOTX>
    <SEOCOMPOTX>
     <CLSNAME>ZCX_SMX_PAL</CLSNAME>
     <CMPNAME>RET_MSG</CMPNAME>
     <LANGU>E</LANGU>
     <DESCRIPT>Give up stored Message as a unit</DESCRIPT>
    </SEOCOMPOTX>
    <SEOCOMPOTX>
     <CLSNAME>ZCX_SMX_PAL</CLSNAME>
     <CMPNAME>XLOG_MESSAGE</CMPNAME>
     <LANGU>E</LANGU>
     <DESCRIPT>Send Message to Application log</DESCRIPT>
    </SEOCOMPOTX>
    <SEOCOMPOTX>
     <CLSNAME>ZCX_SMX_PAL</CLSNAME>
     <CMPNAME>XSEND_MSG</CMPNAME>
     <LANGU>E</LANGU>
     <DESCRIPT>Send stored Message as a unit to Handler</DESCRIPT>
    </SEOCOMPOTX>
    <SEOCOMPOTX>
     <CLSNAME>ZCX_SMX_PAL</CLSNAME>
     <CMPNAME>XSHOW_MESSAGE</CMPNAME>
     <LANGU>E</LANGU>
     <DESCRIPT>Execute MESSAGE statement using data passed up</DESCRIPT>
    </SEOCOMPOTX>
   </DESCRIPTIONS>
  </asx:values>
 </asx:abap>
</abapGit>
