﻿<?xml version="1.0" encoding="utf-8"?>
<abapGit version="v1.0.0" serializer="LCL_OBJECT_INTF" serializer_version="v1.0.0">
 <asx:abap xmlns:asx="http://www.sap.com/abapxml" version="1.0">
  <asx:values>
   <VSEOINTERF>
    <CLSNAME>ZIF_SMX_PAL</CLSNAME>
    <VERSION>1</VERSION>
    <LANGU>E</LANGU>
    <DESCRIPT>SMX: Protocol and Application Log Handler</DESCRIPT>
    <EXPOSURE>2</EXPOSURE>
    <STATE>1</STATE>
    <UNICODE>X</UNICODE>
   </VSEOINTERF>
   <DESCRIPTIONS>
    <SEOCOMPOTX>
     <CLSNAME>ZIF_SMX_PAL</CLSNAME>
     <CMPNAME>KV_BALKPD</CMPNAME>
     <LANGU>E</LANGU>
     <DESCRIPT> SMX: Number of Days to Keep an Application Log</DESCRIPT>
    </SEOCOMPOTX>
    <SEOCOMPOTX>
     <CLSNAME>ZIF_SMX_PAL</CLSNAME>
     <CMPNAME>KV_BAL_DISVARIANT_HANDLE</CMPNAME>
     <LANGU>E</LANGU>
     <DESCRIPT>Mgt. ID for repeated calls from the same program</DESCRIPT>
    </SEOCOMPOTX>
    <SEOCOMPOTX>
     <CLSNAME>ZIF_SMX_PAL</CLSNAME>
     <CMPNAME>KV_BAL_DISVARIANT_VARIANT</CMPNAME>
     <LANGU>E</LANGU>
     <DESCRIPT>Layout</DESCRIPT>
    </SEOCOMPOTX>
   </DESCRIPTIONS>
  </asx:values>
 </asx:abap>
</abapGit>
