﻿<?xml version="1.0" encoding="utf-8"?>
<abapGit version="v1.0.0" serializer="LCL_OBJECT_DOMA" serializer_version="v1.0.0">
 <asx:abap xmlns:asx="http://www.sap.com/abapxml" version="1.0">
  <asx:values>
   <DD01V>
    <DOMNAME>ZSMX_PAL_MINMT</DOMNAME>
    <DDLANGUAGE>E</DDLANGUAGE>
    <DATATYPE>CHAR</DATATYPE>
    <LENG>000001</LENG>
    <OUTPUTLEN>000001</OUTPUTLEN>
    <VALEXI>X</VALEXI>
    <DDTEXT>PAL: Minimum Message Type to Send to Log</DDTEXT>
   </DD01V>
   <DD07V_TAB>
    <DD07V>
     <DOMNAME>ZSMX_PAL_MINMT</DOMNAME>
     <VALPOS>0001</VALPOS>
     <DDLANGUAGE>E</DDLANGUAGE>
     <DOMVALUE_L>A</DOMVALUE_L>
     <DDTEXT>Cancels only</DDTEXT>
    </DD07V>
    <DD07V>
     <DOMNAME>ZSMX_PAL_MINMT</DOMNAME>
     <VALPOS>0002</VALPOS>
     <DDLANGUAGE>E</DDLANGUAGE>
     <DOMVALUE_L>E</DOMVALUE_L>
     <DDTEXT>Errors and Cancels only</DDTEXT>
    </DD07V>
    <DD07V>
     <DOMNAME>ZSMX_PAL_MINMT</DOMNAME>
     <VALPOS>0003</VALPOS>
     <DDLANGUAGE>E</DDLANGUAGE>
     <DOMVALUE_L>W</DOMVALUE_L>
     <DDTEXT>Warnings, Errors and Cancels</DDTEXT>
    </DD07V>
    <DD07V>
     <DOMNAME>ZSMX_PAL_MINMT</DOMNAME>
     <VALPOS>0004</VALPOS>
     <DDLANGUAGE>E</DDLANGUAGE>
     <DOMVALUE_L>I</DOMVALUE_L>
     <DDTEXT>Information and above</DDTEXT>
    </DD07V>
    <DD07V>
     <DOMNAME>ZSMX_PAL_MINMT</DOMNAME>
     <VALPOS>0005</VALPOS>
     <DDLANGUAGE>E</DDLANGUAGE>
     <DOMVALUE_L>S</DOMVALUE_L>
     <DDTEXT>All messages</DDTEXT>
    </DD07V>
   </DD07V_TAB>
  </asx:values>
 </asx:abap>
</abapGit>
