﻿<?xml version="1.0" encoding="utf-8"?>
<abapGit version="v1.0.0" serializer="LCL_OBJECT_TABL" serializer_version="v1.0.0">
 <asx:abap xmlns:asx="http://www.sap.com/abapxml" version="1.0">
  <asx:values>
   <DD02V>
    <TABNAME>ZSMX_PAL_S_CLRID</TABNAME>
    <DDLANGUAGE>E</DDLANGUAGE>
    <TABCLASS>INTTAB</TABCLASS>
    <DDTEXT>PAL: Caller Identification Used by Callee</DDTEXT>
    <EXCLASS>1</EXCLASS>
   </DD02V>
   <DD03P_TABLE>
    <DD03P>
     <TABNAME>ZSMX_PAL_S_CLRID</TABNAME>
     <FIELDNAME>REPID</FIELDNAME>
     <POSITION>0001</POSITION>
     <ROLLNAME>SYREPID</ROLLNAME>
     <ADMINFIELD>0</ADMINFIELD>
     <COMPTYPE>E</COMPTYPE>
    </DD03P>
    <DD03P>
     <TABNAME>ZSMX_PAL_S_CLRID</TABNAME>
     <FIELDNAME>TITLE</FIELDNAME>
     <POSITION>0002</POSITION>
     <ROLLNAME>SYTITLE</ROLLNAME>
     <ADMINFIELD>0</ADMINFIELD>
     <COMPTYPE>E</COMPTYPE>
    </DD03P>
    <DD03P>
     <TABNAME>ZSMX_PAL_S_CLRID</TABNAME>
     <FIELDNAME>TCODE</FIELDNAME>
     <POSITION>0003</POSITION>
     <ROLLNAME>SYTCODE</ROLLNAME>
     <ADMINFIELD>0</ADMINFIELD>
     <COMPTYPE>E</COMPTYPE>
    </DD03P>
    <DD03P>
     <TABNAME>ZSMX_PAL_S_CLRID</TABNAME>
     <FIELDNAME>SLSET</FIELDNAME>
     <POSITION>0004</POSITION>
     <ROLLNAME>SYSLSET</ROLLNAME>
     <ADMINFIELD>0</ADMINFIELD>
     <COMPTYPE>E</COMPTYPE>
    </DD03P>
    <DD03P>
     <TABNAME>ZSMX_PAL_S_CLRID</TABNAME>
     <FIELDNAME>DYNNR</FIELDNAME>
     <POSITION>0005</POSITION>
     <ROLLNAME>SYDYNNR</ROLLNAME>
     <ADMINFIELD>0</ADMINFIELD>
     <COMPTYPE>E</COMPTYPE>
    </DD03P>
    <DD03P>
     <TABNAME>ZSMX_PAL_S_CLRID</TABNAME>
     <FIELDNAME>AKTYP</FIELDNAME>
     <POSITION>0006</POSITION>
     <ROLLNAME>AKTTYP</ROLLNAME>
     <ADMINFIELD>0</ADMINFIELD>
     <VALEXI>X</VALEXI>
     <SHLPORIGIN>F</SHLPORIGIN>
     <COMPTYPE>E</COMPTYPE>
    </DD03P>
    <DD03P>
     <TABNAME>ZSMX_PAL_S_CLRID</TABNAME>
     <FIELDNAME>OBJNR</FIELDNAME>
     <POSITION>0007</POSITION>
     <ROLLNAME>KOBJNR</ROLLNAME>
     <ADMINFIELD>0</ADMINFIELD>
     <COMPTYPE>E</COMPTYPE>
    </DD03P>
    <DD03P>
     <TABNAME>ZSMX_PAL_S_CLRID</TABNAME>
     <FIELDNAME>DARK</FIELDNAME>
     <POSITION>0008</POSITION>
     <ROLLNAME>DARK</ROLLNAME>
     <ADMINFIELD>0</ADMINFIELD>
     <VALEXI>X</VALEXI>
     <SHLPORIGIN>F</SHLPORIGIN>
     <COMPTYPE>E</COMPTYPE>
    </DD03P>
   </DD03P_TABLE>
  </asx:values>
 </asx:abap>
</abapGit>
