﻿<?xml version="1.0" encoding="utf-8"?>
<abapGit version="v1.0.0" serializer="LCL_OBJECT_FUGR" serializer_version="v1.0.0">
 <asx:abap xmlns:asx="http://www.sap.com/abapxml" version="1.0">
  <asx:values>
   <AREAT>SMX: Application Log Classical UI</AREAT>
   <INCLUDES>
    <SOBJ_NAME>LZSMX_PALD01</SOBJ_NAME>
    <SOBJ_NAME>LZSMX_PALE01</SOBJ_NAME>
    <SOBJ_NAME>LZSMX_PALP01</SOBJ_NAME>
    <SOBJ_NAME>LZSMX_PALTOP</SOBJ_NAME>
    <SOBJ_NAME>SAPLZSMX_PAL</SOBJ_NAME>
   </INCLUDES>
   <FUNCTIONS>
    <item>
     <FUNCNAME>ZSMX_PAL_CALL_SLS</FUNCNAME>
     <SHORT_TEXT>XBF: Call Selection Screen and return Selections (Context)</SHORT_TEXT>
     <IMPORT>
      <RSIMP>
       <PARAMETER>IV_DYNPRONR</PARAMETER>
       <DEFAULT>&apos;9000&apos;</DEFAULT>
       <REFERENCE>X</REFERENCE>
       <TYP>DYNPRONR</TYP>
      </RSIMP>
     </IMPORT>
     <EXPORT>
      <RSEXP>
       <PARAMETER>ET_PARAMS</PARAMETER>
       <REFERENCE>X</REFERENCE>
       <TYP>ZSMX_PAL_T_RSPARAMS</TYP>
      </RSEXP>
     </EXPORT>
     <EXCEPTION>
      <RSEXC>
       <EXCEPTION>ZCX_SMX_PAL_BACK</EXCEPTION>
      </RSEXC>
      <RSEXC>
       <EXCEPTION>ZCX_SMX_PAL_EXIT</EXCEPTION>
      </RSEXC>
     </EXCEPTION>
     <DOCUMENTATION>
      <RSFDO>
       <PARAMETER>IV_DYNPRONR</PARAMETER>
       <KIND>P</KIND>
       <STEXT>Selection screen number</STEXT>
       <INDEX> 001</INDEX>
      </RSFDO>
      <RSFDO>
       <PARAMETER>ET_PARAMS</PARAMETER>
       <KIND>P</KIND>
       <STEXT>Generic table for parameters and select-options (255 long)</STEXT>
       <INDEX> 002</INDEX>
      </RSFDO>
      <RSFDO>
       <PARAMETER>ZCX_SMX_PAL_BACK</PARAMETER>
       <KIND>X</KIND>
       <STEXT>PAL: No Error - Go back to the beginning</STEXT>
       <INDEX> 003</INDEX>
      </RSFDO>
      <RSFDO>
       <PARAMETER>ZCX_SMX_PAL_EXIT</PARAMETER>
       <KIND>X</KIND>
       <STEXT>PAL: Fatal error - Cannot continue</STEXT>
       <INDEX> 004</INDEX>
      </RSFDO>
     </DOCUMENTATION>
     <EXCEPTION_CLASSES>X</EXCEPTION_CLASSES>
    </item>
    <item>
     <FUNCNAME>ZSMX_PAL_FACTORY</FUNCNAME>
     <SHORT_TEXT>XBF: Start Function group and get CLRID</SHORT_TEXT>
     <EXPORT>
      <RSEXP>
       <PARAMETER>ED_CLRID</PARAMETER>
       <REFERENCE>X</REFERENCE>
       <TYP>REF TO ZSMX_PAL_S_CLRID</TYP>
       <REF_CLASS>X</REF_CLASS>
      </RSEXP>
     </EXPORT>
     <EXCEPTION>
      <RSEXC>
       <EXCEPTION>ZCX_SMX_PAL_BACK</EXCEPTION>
      </RSEXC>
      <RSEXC>
       <EXCEPTION>ZCX_SMX_PAL_EXIT</EXCEPTION>
      </RSEXC>
     </EXCEPTION>
     <DOCUMENTATION>
      <RSFDO>
       <PARAMETER>ED_CLRID</PARAMETER>
       <KIND>P</KIND>
       <STEXT>PAL: Pointer to Caller Identification Used by Callee</STEXT>
       <INDEX> 001</INDEX>
      </RSFDO>
      <RSFDO>
       <PARAMETER>ZCX_SMX_PAL_BACK</PARAMETER>
       <KIND>X</KIND>
       <STEXT>PAL: No Error - Go back to the beginning</STEXT>
       <INDEX> 002</INDEX>
      </RSFDO>
      <RSFDO>
       <PARAMETER>ZCX_SMX_PAL_EXIT</PARAMETER>
       <KIND>X</KIND>
       <STEXT>PAL: Fatal error - Cannot continue</STEXT>
       <INDEX> 003</INDEX>
      </RSFDO>
     </DOCUMENTATION>
     <EXCEPTION_CLASSES>X</EXCEPTION_CLASSES>
    </item>
    <item>
     <FUNCNAME>ZSMX_PAL_FREE_SLS</FUNCNAME>
     <SHORT_TEXT>XBF: Kill the Selection Screen</SHORT_TEXT>
     <EXCEPTION_CLASSES>X</EXCEPTION_CLASSES>
    </item>
   </FUNCTIONS>
   <CUA>
    <ADM>
     <ACTCODE>000001</ACTCODE>
     <PFKCODE>000001</PFKCODE>
    </ADM>
    <STA>
     <RSMPE_STAT>
      <CODE>DEFAULT</CODE>
      <MODAL>D</MODAL>
      <ACTCODE>000001</ACTCODE>
      <PFKCODE>000001</PFKCODE>
      <BUTCODE>0001</BUTCODE>
      <INT_NOTE>XBF: Default</INT_NOTE>
     </RSMPE_STAT>
    </STA>
    <DOC>
     <RSMPE_ATRT>
      <OBJ_TYPE>A</OBJ_TYPE>
      <OBJ_CODE>000001</OBJ_CODE>
      <MODAL>D</MODAL>
      <INT_NOTE>SMX: Default</INT_NOTE>
     </RSMPE_ATRT>
     <RSMPE_ATRT>
      <OBJ_TYPE>P</OBJ_TYPE>
      <OBJ_CODE>000001</OBJ_CODE>
      <MODAL>D</MODAL>
      <INT_NOTE>SMX: Default</INT_NOTE>
     </RSMPE_ATRT>
     <RSMPE_ATRT>
      <OBJ_TYPE>B</OBJ_TYPE>
      <OBJ_CODE>000001</OBJ_CODE>
      <SUB_CODE>0001</SUB_CODE>
      <MODAL>D</MODAL>
      <INT_NOTE>SMX: Default</INT_NOTE>
     </RSMPE_ATRT>
    </DOC>
    <TIT>
     <RSMPE_TITT>
      <CODE>DEFAULT</CODE>
      <TEXT>SMX: Analyze Application Logs</TEXT>
     </RSMPE_TITT>
    </TIT>
   </CUA>
  </asx:values>
 </asx:abap>
</abapGit>
