﻿<?xml version="1.0" encoding="utf-8"?>
<abapGit version="v1.0.0" serializer="LCL_OBJECT_TABL" serializer_version="v1.0.0">
 <asx:abap xmlns:asx="http://www.sap.com/abapxml" version="1.0">
  <asx:values>
   <DD02V>
    <TABNAME>ZSMX_PAL_S_ERRPROT</TABNAME>
    <DDLANGUAGE>E</DDLANGUAGE>
    <TABCLASS>INTTAB</TABCLASS>
    <DDTEXT>PAL: MM Error Handler Transfer Structure</DDTEXT>
    <EXCLASS>1</EXCLASS>
   </DD02V>
   <DD03P_TABLE>
    <DD03P>
     <TABNAME>ZSMX_PAL_S_ERRPROT</TABNAME>
     <FIELDNAME>MSGTY</FIELDNAME>
     <POSITION>0001</POSITION>
     <ROLLNAME>SYMSGTY</ROLLNAME>
     <ADMINFIELD>0</ADMINFIELD>
     <COMPTYPE>E</COMPTYPE>
    </DD03P>
    <DD03P>
     <TABNAME>ZSMX_PAL_S_ERRPROT</TABNAME>
     <FIELDNAME>MSGID</FIELDNAME>
     <POSITION>0002</POSITION>
     <ROLLNAME>SYMSGID</ROLLNAME>
     <ADMINFIELD>0</ADMINFIELD>
     <COMPTYPE>E</COMPTYPE>
    </DD03P>
    <DD03P>
     <TABNAME>ZSMX_PAL_S_ERRPROT</TABNAME>
     <FIELDNAME>MSGNO</FIELDNAME>
     <POSITION>0003</POSITION>
     <ROLLNAME>SYMSGNO</ROLLNAME>
     <ADMINFIELD>0</ADMINFIELD>
     <COMPTYPE>E</COMPTYPE>
    </DD03P>
    <DD03P>
     <TABNAME>ZSMX_PAL_S_ERRPROT</TABNAME>
     <FIELDNAME>MSGV1</FIELDNAME>
     <POSITION>0004</POSITION>
     <ROLLNAME>SYMSGV</ROLLNAME>
     <ADMINFIELD>0</ADMINFIELD>
     <COMPTYPE>E</COMPTYPE>
    </DD03P>
    <DD03P>
     <TABNAME>ZSMX_PAL_S_ERRPROT</TABNAME>
     <FIELDNAME>MSGV2</FIELDNAME>
     <POSITION>0005</POSITION>
     <ROLLNAME>SYMSGV</ROLLNAME>
     <ADMINFIELD>0</ADMINFIELD>
     <COMPTYPE>E</COMPTYPE>
    </DD03P>
    <DD03P>
     <TABNAME>ZSMX_PAL_S_ERRPROT</TABNAME>
     <FIELDNAME>MSGV3</FIELDNAME>
     <POSITION>0006</POSITION>
     <ROLLNAME>SYMSGV</ROLLNAME>
     <ADMINFIELD>0</ADMINFIELD>
     <COMPTYPE>E</COMPTYPE>
    </DD03P>
    <DD03P>
     <TABNAME>ZSMX_PAL_S_ERRPROT</TABNAME>
     <FIELDNAME>MSGV4</FIELDNAME>
     <POSITION>0007</POSITION>
     <ROLLNAME>SYMSGV</ROLLNAME>
     <ADMINFIELD>0</ADMINFIELD>
     <COMPTYPE>E</COMPTYPE>
    </DD03P>
    <DD03P>
     <TABNAME>ZSMX_PAL_S_ERRPROT</TABNAME>
     <FIELDNAME>SOURCE</FIELDNAME>
     <DDLANGUAGE>E</DDLANGUAGE>
     <POSITION>0008</POSITION>
     <ADMINFIELD>0</ADMINFIELD>
     <INTTYPE>C</INTTYPE>
     <INTLEN>000002</INTLEN>
     <DATATYPE>CHAR</DATATYPE>
     <LENG>000001</LENG>
     <MASK>  CHAR</MASK>
    </DD03P>
    <DD03P>
     <TABNAME>ZSMX_PAL_S_ERRPROT</TABNAME>
     <FIELDNAME>RBLGP</FIELDNAME>
     <DDLANGUAGE>E</DDLANGUAGE>
     <POSITION>0009</POSITION>
     <ADMINFIELD>0</ADMINFIELD>
     <INTTYPE>C</INTTYPE>
     <INTLEN>000020</INTLEN>
     <DATATYPE>CHAR</DATATYPE>
     <LENG>000010</LENG>
     <MASK>  CHAR</MASK>
     <DDTEXT>&amp;&amp;&amp; Make ZSMX_PAL_RBLGP</DDTEXT>
    </DD03P>
    <DD03P>
     <TABNAME>ZSMX_PAL_S_ERRPROT</TABNAME>
     <FIELDNAME>SHOWN</FIELDNAME>
     <POSITION>0010</POSITION>
     <ROLLNAME>BOOLE_D</ROLLNAME>
     <ADMINFIELD>0</ADMINFIELD>
     <VALEXI>X</VALEXI>
     <SHLPORIGIN>F</SHLPORIGIN>
     <COMPTYPE>E</COMPTYPE>
    </DD03P>
   </DD03P_TABLE>
  </asx:values>
 </asx:abap>
</abapGit>
