﻿<?xml version="1.0" encoding="utf-8"?>
<abapGit version="v1.0.0" serializer="LCL_OBJECT_MSAG" serializer_version="v1.0.0">
 <asx:abap xmlns:asx="http://www.sap.com/abapxml" version="1.0">
  <asx:values>
   <T100A>
    <ARBGB>ZSMX_PAL</ARBGB>
    <MASTERLANG>E</MASTERLANG>
    <STEXT> SMX: For Protocol and Application Log - PAL</STEXT>
   </T100A>
   <T100>
    <T100>
     <SPRSL>E</SPRSL>
     <ARBGB>ZSMX_PAL</ARBGB>
     <MSGNR>000</MSGNR>
     <TEXT>001 - 049: Protocol General purpose</TEXT>
    </T100>
    <T100>
     <SPRSL>E</SPRSL>
     <ARBGB>ZSMX_PAL</ARBGB>
     <MSGNR>001</MSGNR>
     <TEXT>&amp; &amp; &amp; &amp;</TEXT>
    </T100>
    <T100>
     <SPRSL>E</SPRSL>
     <ARBGB>ZSMX_PAL</ARBGB>
     <MSGNR>002</MSGNR>
     <TEXT>This is a test run; No permanent changes will be made</TEXT>
    </T100>
    <T100>
     <SPRSL>E</SPRSL>
     <ARBGB>ZSMX_PAL</ARBGB>
     <MSGNR>003</MSGNR>
     <TEXT>Running in System &amp;, Client &amp;, Application server &amp;</TEXT>
    </T100>
    <T100>
     <SPRSL>E</SPRSL>
     <ARBGB>ZSMX_PAL</ARBGB>
     <MSGNR>004</MSGNR>
     <TEXT>Sorry, you are not authorized to operate Transaction &amp;</TEXT>
    </T100>
    <T100>
     <SPRSL>E</SPRSL>
     <ARBGB>ZSMX_PAL</ARBGB>
     <MSGNR>005</MSGNR>
     <TEXT>Program has run for &amp; seconds so far</TEXT>
    </T100>
    <T100>
     <SPRSL>E</SPRSL>
     <ARBGB>ZSMX_PAL</ARBGB>
     <MSGNR>006</MSGNR>
     <TEXT>Done</TEXT>
    </T100>
    <T100>
     <SPRSL>E</SPRSL>
     <ARBGB>ZSMX_PAL</ARBGB>
     <MSGNR>007</MSGNR>
     <TEXT>SID &amp;, Client &amp;, AS &amp;</TEXT>
    </T100>
    <T100>
     <SPRSL>E</SPRSL>
     <ARBGB>ZSMX_PAL</ARBGB>
     <MSGNR>008</MSGNR>
     <TEXT>An Exception has occurred. Please check the Application log.</TEXT>
    </T100>
    <T100>
     <SPRSL>E</SPRSL>
     <ARBGB>ZSMX_PAL</ARBGB>
     <MSGNR>009</MSGNR>
     <TEXT>One or more input values are incorrect</TEXT>
    </T100>
    <T100>
     <SPRSL>E</SPRSL>
     <ARBGB>ZSMX_PAL</ARBGB>
     <MSGNR>010</MSGNR>
     <TEXT>Problem with Application Log. Debugging will be required to find error</TEXT>
    </T100>
    <T100>
     <SPRSL>E</SPRSL>
     <ARBGB>ZSMX_PAL</ARBGB>
     <MSGNR>011</MSGNR>
     <TEXT>Fatal error - cannot continue</TEXT>
    </T100>
    <T100>
     <SPRSL>E</SPRSL>
     <ARBGB>ZSMX_PAL</ARBGB>
     <MSGNR>012</MSGNR>
     <TEXT>Message(s) added to Application log. Please check it</TEXT>
    </T100>
    <T100>
     <SPRSL>E</SPRSL>
     <ARBGB>ZSMX_PAL</ARBGB>
     <MSGNR>013</MSGNR>
     <TEXT>Message rejected by the Application Log. Debugging may be required</TEXT>
    </T100>
    <T100>
     <SPRSL>E</SPRSL>
     <ARBGB>ZSMX_PAL</ARBGB>
     <MSGNR>014</MSGNR>
     <TEXT>System or Program error. Probably not bad data</TEXT>
    </T100>
    <T100>
     <SPRSL>E</SPRSL>
     <ARBGB>ZSMX_PAL</ARBGB>
     <MSGNR>015</MSGNR>
     <TEXT>Problem with this record or step</TEXT>
    </T100>
    <T100>
     <SPRSL>E</SPRSL>
     <ARBGB>ZSMX_PAL</ARBGB>
     <MSGNR>016</MSGNR>
     <TEXT>Nothing available to process at this time. Selections might be too narrow</TEXT>
    </T100>
    <T100>
     <SPRSL>E</SPRSL>
     <ARBGB>ZSMX_PAL</ARBGB>
     <MSGNR>017</MSGNR>
     <TEXT>Retrying probably won&apos;t help. Please notify the Helpdesk or Project team</TEXT>
    </T100>
    <T100>
     <SPRSL>E</SPRSL>
     <ARBGB>ZSMX_PAL</ARBGB>
     <MSGNR>018</MSGNR>
     <TEXT>Problem with Customizing or Configuration. Notify your Project team</TEXT>
    </T100>
    <T100>
     <SPRSL>E</SPRSL>
     <ARBGB>ZSMX_PAL</ARBGB>
     <MSGNR>019</MSGNR>
     <TEXT>Returning to the beginning...</TEXT>
    </T100>
    <T100>
     <SPRSL>E</SPRSL>
     <ARBGB>ZSMX_PAL</ARBGB>
     <MSGNR>020</MSGNR>
     <TEXT>Skipping to the next record or step...</TEXT>
    </T100>
    <T100>
     <SPRSL>E</SPRSL>
     <ARBGB>ZSMX_PAL</ARBGB>
     <MSGNR>021</MSGNR>
     <TEXT>Selected input processed completely wothout any problems</TEXT>
    </T100>
    <T100>
     <SPRSL>E</SPRSL>
     <ARBGB>ZSMX_PAL</ARBGB>
     <MSGNR>022</MSGNR>
     <TEXT>This process step failed. Continuing with the next possible one</TEXT>
    </T100>
    <T100>
     <SPRSL>E</SPRSL>
     <ARBGB>ZSMX_PAL</ARBGB>
     <MSGNR>023</MSGNR>
     <TEXT>A problem ocurred but no further information is available</TEXT>
    </T100>
    <T100>
     <SPRSL>E</SPRSL>
     <ARBGB>ZSMX_PAL</ARBGB>
     <MSGNR>028</MSGNR>
     <TEXT>End of log</TEXT>
    </T100>
    <T100>
     <SPRSL>E</SPRSL>
     <ARBGB>ZSMX_PAL</ARBGB>
     <MSGNR>029</MSGNR>
     <TEXT>&amp; &quot;&amp;&quot; Messages generated</TEXT>
    </T100>
    <T100>
     <SPRSL>E</SPRSL>
     <ARBGB>ZSMX_PAL</ARBGB>
     <MSGNR>030</MSGNR>
     <TEXT>&amp; &quot;A&quot; (&quot;Stop&quot;) Message(s) generated</TEXT>
    </T100>
    <T100>
     <SPRSL>E</SPRSL>
     <ARBGB>ZSMX_PAL</ARBGB>
     <MSGNR>031</MSGNR>
     <TEXT>&amp; &quot;E&quot; (&quot;Error&quot;) Message(s) generated</TEXT>
    </T100>
    <T100>
     <SPRSL>E</SPRSL>
     <ARBGB>ZSMX_PAL</ARBGB>
     <MSGNR>032</MSGNR>
     <TEXT>&amp; &quot;W&quot; (&quot;Warning&quot;) Message(s) generated</TEXT>
    </T100>
    <T100>
     <SPRSL>E</SPRSL>
     <ARBGB>ZSMX_PAL</ARBGB>
     <MSGNR>033</MSGNR>
     <TEXT>&amp; &quot;I&quot; (&quot;Information&quot;) Message(s) generated</TEXT>
    </T100>
    <T100>
     <SPRSL>E</SPRSL>
     <ARBGB>ZSMX_PAL</ARBGB>
     <MSGNR>034</MSGNR>
     <TEXT>&amp; &quot;S&quot; (&quot;Success&quot;) Message(s) generated</TEXT>
    </T100>
    <T100>
     <SPRSL>E</SPRSL>
     <ARBGB>ZSMX_PAL</ARBGB>
     <MSGNR>050</MSGNR>
     <TEXT>051 - 099: Application Log</TEXT>
    </T100>
    <T100>
     <SPRSL>E</SPRSL>
     <ARBGB>ZSMX_PAL</ARBGB>
     <MSGNR>051</MSGNR>
     <TEXT>Application Log &amp; &amp; &amp; saved</TEXT>
    </T100>
    <T100>
     <SPRSL>E</SPRSL>
     <ARBGB>ZSMX_PAL</ARBGB>
     <MSGNR>052</MSGNR>
     <TEXT>No Context structure available so no Context columns can be displayed</TEXT>
    </T100>
    <T100>
     <SPRSL>E</SPRSL>
     <ARBGB>ZSMX_PAL</ARBGB>
     <MSGNR>053</MSGNR>
     <TEXT>Multiple Context structures found so no Context columns can be displayed</TEXT>
    </T100>
    <T100>
     <SPRSL>E</SPRSL>
     <ARBGB>ZSMX_PAL</ARBGB>
     <MSGNR>054</MSGNR>
     <TEXT>The stored Context structure does not match the entered one</TEXT>
    </T100>
    <T100>
     <SPRSL>E</SPRSL>
     <ARBGB>ZSMX_PAL</ARBGB>
     <MSGNR>055</MSGNR>
     <TEXT>App. log &amp;1 &amp;2 could not be created. Check Txn &quot;SLG0&quot;. Cannot continue...</TEXT>
    </T100>
    <T100>
     <SPRSL>E</SPRSL>
     <ARBGB>ZSMX_PAL</ARBGB>
     <MSGNR>100</MSGNR>
     <TEXT>101 - 149: Communication...</TEXT>
    </T100>
    <T100>
     <SPRSL>E</SPRSL>
     <ARBGB>ZSMX_PAL</ARBGB>
     <MSGNR>101</MSGNR>
     <TEXT>SAP Office Message sent to &amp;</TEXT>
    </T100>
    <T100>
     <SPRSL>E</SPRSL>
     <ARBGB>ZSMX_PAL</ARBGB>
     <MSGNR>102</MSGNR>
     <TEXT>Message from Job &amp; which ran on &amp; at &amp;</TEXT>
    </T100>
    <T100>
     <SPRSL>E</SPRSL>
     <ARBGB>ZSMX_PAL</ARBGB>
     <MSGNR>103</MSGNR>
     <TEXT>Message from Transaction &amp; (&amp;)</TEXT>
    </T100>
    <T100>
     <SPRSL>E</SPRSL>
     <ARBGB>ZSMX_PAL</ARBGB>
     <MSGNR>104</MSGNR>
     <TEXT>Please check the Job and Application logs for Job &amp; which ran on &amp; at &amp;</TEXT>
    </T100>
    <T100>
     <SPRSL>E</SPRSL>
     <ARBGB>ZSMX_PAL</ARBGB>
     <MSGNR>105</MSGNR>
     <TEXT>Please check the Application log for Transaction &amp; (&amp;)</TEXT>
    </T100>
    <T100>
     <SPRSL>E</SPRSL>
     <ARBGB>ZSMX_PAL</ARBGB>
     <MSGNR>150</MSGNR>
     <TEXT>151 - 174: Header &amp; Footer</TEXT>
    </T100>
    <T100>
     <SPRSL>E</SPRSL>
     <ARBGB>ZSMX_PAL</ARBGB>
     <MSGNR>151</MSGNR>
     <TEXT>Selection Variant: &amp;1 - &amp;2</TEXT>
    </T100>
    <T100>
     <SPRSL>E</SPRSL>
     <ARBGB>ZSMX_PAL</ARBGB>
     <MSGNR>152</MSGNR>
     <TEXT>&amp;1 &amp;2 Rows displayed</TEXT>
    </T100>
    <T100>
     <SPRSL>E</SPRSL>
     <ARBGB>ZSMX_PAL</ARBGB>
     <MSGNR>153</MSGNR>
     <TEXT>&amp;1 &amp;2 Rows selected</TEXT>
    </T100>
    <T100>
     <SPRSL>E</SPRSL>
     <ARBGB>ZSMX_PAL</ARBGB>
     <MSGNR>175</MSGNR>
     <TEXT>176 - 199: Workflow</TEXT>
    </T100>
    <T100>
     <SPRSL>E</SPRSL>
     <ARBGB>ZSMX_PAL</ARBGB>
     <MSGNR>176</MSGNR>
     <TEXT>Workflow failed to start</TEXT>
    </T100>
   </T100>
  </asx:values>
 </asx:abap>
</abapGit>
