﻿<?xml version="1.0" encoding="utf-8"?>
<abapGit version="v1.0.0" serializer="LCL_OBJECT_MSAG" serializer_version="v1.0.0">
 <asx:abap xmlns:asx="http://www.sap.com/abapxml" version="1.0">
  <asx:values>
   <T100A>
    <ARBGB>ZSMX_PAL_PROGRESS</ARBGB>
    <MASTERLANG>E</MASTERLANG>
    <STEXT> SMX: PAL Progress messages</STEXT>
   </T100A>
   <T100>
    <T100>
     <SPRSL>E</SPRSL>
     <ARBGB>ZSMX_PAL_PROGRESS</ARBGB>
     <MSGNR>000</MSGNR>
     <TEXT>001-049 General purpose</TEXT>
    </T100>
    <T100>
     <SPRSL>E</SPRSL>
     <ARBGB>ZSMX_PAL_PROGRESS</ARBGB>
     <MSGNR>001</MSGNR>
     <TEXT>Gathering data...</TEXT>
    </T100>
    <T100>
     <SPRSL>E</SPRSL>
     <ARBGB>ZSMX_PAL_PROGRESS</ARBGB>
     <MSGNR>002</MSGNR>
     <TEXT>Enriching data...</TEXT>
    </T100>
    <T100>
     <SPRSL>E</SPRSL>
     <ARBGB>ZSMX_PAL_PROGRESS</ARBGB>
     <MSGNR>003</MSGNR>
     <TEXT>Aggregating data...</TEXT>
    </T100>
    <T100>
     <SPRSL>E</SPRSL>
     <ARBGB>ZSMX_PAL_PROGRESS</ARBGB>
     <MSGNR>004</MSGNR>
     <TEXT>Merging data...</TEXT>
    </T100>
    <T100>
     <SPRSL>E</SPRSL>
     <ARBGB>ZSMX_PAL_PROGRESS</ARBGB>
     <MSGNR>005</MSGNR>
     <TEXT>Checking data...</TEXT>
    </T100>
    <T100>
     <SPRSL>E</SPRSL>
     <ARBGB>ZSMX_PAL_PROGRESS</ARBGB>
     <MSGNR>006</MSGNR>
     <TEXT>Comparing dependent records...</TEXT>
    </T100>
    <T100>
     <SPRSL>E</SPRSL>
     <ARBGB>ZSMX_PAL_PROGRESS</ARBGB>
     <MSGNR>007</MSGNR>
     <TEXT>Processing...</TEXT>
    </T100>
    <T100>
     <SPRSL>E</SPRSL>
     <ARBGB>ZSMX_PAL_PROGRESS</ARBGB>
     <MSGNR>008</MSGNR>
     <TEXT>Inserting records...</TEXT>
    </T100>
    <T100>
     <SPRSL>E</SPRSL>
     <ARBGB>ZSMX_PAL_PROGRESS</ARBGB>
     <MSGNR>009</MSGNR>
     <TEXT>Modifying records...</TEXT>
    </T100>
    <T100>
     <SPRSL>E</SPRSL>
     <ARBGB>ZSMX_PAL_PROGRESS</ARBGB>
     <MSGNR>010</MSGNR>
     <TEXT>Setting up...</TEXT>
    </T100>
    <T100>
     <SPRSL>E</SPRSL>
     <ARBGB>ZSMX_PAL_PROGRESS</ARBGB>
     <MSGNR>011</MSGNR>
     <TEXT>Looking up Master data &amp;...</TEXT>
    </T100>
    <T100>
     <SPRSL>E</SPRSL>
     <ARBGB>ZSMX_PAL_PROGRESS</ARBGB>
     <MSGNR>012</MSGNR>
     <TEXT>Looking up Document &amp;...</TEXT>
    </T100>
    <T100>
     <SPRSL>E</SPRSL>
     <ARBGB>ZSMX_PAL_PROGRESS</ARBGB>
     <MSGNR>013</MSGNR>
     <TEXT>Gathering Master data...</TEXT>
    </T100>
    <T100>
     <SPRSL>E</SPRSL>
     <ARBGB>ZSMX_PAL_PROGRESS</ARBGB>
     <MSGNR>014</MSGNR>
     <TEXT>Reading Legacy data...</TEXT>
    </T100>
    <T100>
     <SPRSL>E</SPRSL>
     <ARBGB>ZSMX_PAL_PROGRESS</ARBGB>
     <MSGNR>015</MSGNR>
     <TEXT>Reading Files...</TEXT>
    </T100>
    <T100>
     <SPRSL>E</SPRSL>
     <ARBGB>ZSMX_PAL_PROGRESS</ARBGB>
     <MSGNR>016</MSGNR>
     <TEXT>Wrapping up...</TEXT>
    </T100>
    <T100>
     <SPRSL>E</SPRSL>
     <ARBGB>ZSMX_PAL_PROGRESS</ARBGB>
     <MSGNR>017</MSGNR>
     <TEXT>Transferring...</TEXT>
    </T100>
    <T100>
     <SPRSL>E</SPRSL>
     <ARBGB>ZSMX_PAL_PROGRESS</ARBGB>
     <MSGNR>018</MSGNR>
     <TEXT>Classifying...</TEXT>
    </T100>
    <T100>
     <SPRSL>E</SPRSL>
     <ARBGB>ZSMX_PAL_PROGRESS</ARBGB>
     <MSGNR>019</MSGNR>
     <TEXT>Validating...</TEXT>
    </T100>
    <T100>
     <SPRSL>E</SPRSL>
     <ARBGB>ZSMX_PAL_PROGRESS</ARBGB>
     <MSGNR>020</MSGNR>
     <TEXT>Mapping data...</TEXT>
    </T100>
    <T100>
     <SPRSL>E</SPRSL>
     <ARBGB>ZSMX_PAL_PROGRESS</ARBGB>
     <MSGNR>021</MSGNR>
     <TEXT>Preparing BDC Script...</TEXT>
    </T100>
    <T100>
     <SPRSL>E</SPRSL>
     <ARBGB>ZSMX_PAL_PROGRESS</ARBGB>
     <MSGNR>022</MSGNR>
     <TEXT>Calling Transaction &amp;...</TEXT>
    </T100>
    <T100>
     <SPRSL>E</SPRSL>
     <ARBGB>ZSMX_PAL_PROGRESS</ARBGB>
     <MSGNR>023</MSGNR>
     <TEXT>Calling Remote function &amp;...</TEXT>
    </T100>
    <T100>
     <SPRSL>E</SPRSL>
     <ARBGB>ZSMX_PAL_PROGRESS</ARBGB>
     <MSGNR>024</MSGNR>
     <TEXT>Updating records...</TEXT>
    </T100>
    <T100>
     <SPRSL>E</SPRSL>
     <ARBGB>ZSMX_PAL_PROGRESS</ARBGB>
     <MSGNR>025</MSGNR>
     <TEXT>Buffering reference data...</TEXT>
    </T100>
    <T100>
     <SPRSL>E</SPRSL>
     <ARBGB>ZSMX_PAL_PROGRESS</ARBGB>
     <MSGNR>026</MSGNR>
     <TEXT>Calculating...</TEXT>
    </T100>
    <T100>
     <SPRSL>E</SPRSL>
     <ARBGB>ZSMX_PAL_PROGRESS</ARBGB>
     <MSGNR>027</MSGNR>
     <TEXT>Filtering...</TEXT>
    </T100>
    <T100>
     <SPRSL>E</SPRSL>
     <ARBGB>ZSMX_PAL_PROGRESS</ARBGB>
     <MSGNR>028</MSGNR>
     <TEXT>Comparing...</TEXT>
    </T100>
    <T100>
     <SPRSL>E</SPRSL>
     <ARBGB>ZSMX_PAL_PROGRESS</ARBGB>
     <MSGNR>029</MSGNR>
     <TEXT>Checking selections...</TEXT>
    </T100>
    <T100>
     <SPRSL>E</SPRSL>
     <ARBGB>ZSMX_PAL_PROGRESS</ARBGB>
     <MSGNR>030</MSGNR>
     <TEXT>Checking and fixing incoming data...</TEXT>
    </T100>
    <T100>
     <SPRSL>E</SPRSL>
     <ARBGB>ZSMX_PAL_PROGRESS</ARBGB>
     <MSGNR>031</MSGNR>
     <TEXT>Posting Document(s)...</TEXT>
    </T100>
    <T100>
     <SPRSL>E</SPRSL>
     <ARBGB>ZSMX_PAL_PROGRESS</ARBGB>
     <MSGNR>032</MSGNR>
     <TEXT>Reversing Document(s)...</TEXT>
    </T100>
    <T100>
     <SPRSL>E</SPRSL>
     <ARBGB>ZSMX_PAL_PROGRESS</ARBGB>
     <MSGNR>033</MSGNR>
     <TEXT>Unblocking Cost collector(s)...</TEXT>
    </T100>
    <T100>
     <SPRSL>E</SPRSL>
     <ARBGB>ZSMX_PAL_PROGRESS</ARBGB>
     <MSGNR>034</MSGNR>
     <TEXT>Reblocking Cost collectors(s)...</TEXT>
    </T100>
    <T100>
     <SPRSL>E</SPRSL>
     <ARBGB>ZSMX_PAL_PROGRESS</ARBGB>
     <MSGNR>035</MSGNR>
     <TEXT>Sending e-mail...</TEXT>
    </T100>
    <T100>
     <SPRSL>E</SPRSL>
     <ARBGB>ZSMX_PAL_PROGRESS</ARBGB>
     <MSGNR>036</MSGNR>
     <TEXT>Making File(s)...</TEXT>
    </T100>
    <T100>
     <SPRSL>E</SPRSL>
     <ARBGB>ZSMX_PAL_PROGRESS</ARBGB>
     <MSGNR>037</MSGNR>
     <TEXT>Wrapping up and preparing Summary...</TEXT>
    </T100>
    <T100>
     <SPRSL>E</SPRSL>
     <ARBGB>ZSMX_PAL_PROGRESS</ARBGB>
     <MSGNR>038</MSGNR>
     <TEXT>Updating...</TEXT>
    </T100>
    <T100>
     <SPRSL>E</SPRSL>
     <ARBGB>ZSMX_PAL_PROGRESS</ARBGB>
     <MSGNR>039</MSGNR>
     <TEXT>Preparing Message(s)...</TEXT>
    </T100>
    <T100>
     <SPRSL>E</SPRSL>
     <ARBGB>ZSMX_PAL_PROGRESS</ARBGB>
     <MSGNR>040</MSGNR>
     <TEXT>Deleting data...</TEXT>
    </T100>
    <T100>
     <SPRSL>E</SPRSL>
     <ARBGB>ZSMX_PAL_PROGRESS</ARBGB>
     <MSGNR>041</MSGNR>
     <TEXT>Reading Status...</TEXT>
    </T100>
    <T100>
     <SPRSL>E</SPRSL>
     <ARBGB>ZSMX_PAL_PROGRESS</ARBGB>
     <MSGNR>042</MSGNR>
     <TEXT>Reading Texts...</TEXT>
    </T100>
    <T100>
     <SPRSL>E</SPRSL>
     <ARBGB>ZSMX_PAL_PROGRESS</ARBGB>
     <MSGNR>043</MSGNR>
     <TEXT>Buffering Change documents...</TEXT>
    </T100>
    <T100>
     <SPRSL>E</SPRSL>
     <ARBGB>ZSMX_PAL_PROGRESS</ARBGB>
     <MSGNR>044</MSGNR>
     <TEXT>Processing Change documents...</TEXT>
    </T100>
    <T100>
     <SPRSL>E</SPRSL>
     <ARBGB>ZSMX_PAL_PROGRESS</ARBGB>
     <MSGNR>045</MSGNR>
     <TEXT>Saving to Database...</TEXT>
    </T100>
    <T100>
     <SPRSL>E</SPRSL>
     <ARBGB>ZSMX_PAL_PROGRESS</ARBGB>
     <MSGNR>046</MSGNR>
     <TEXT>Downloading...</TEXT>
    </T100>
    <T100>
     <SPRSL>E</SPRSL>
     <ARBGB>ZSMX_PAL_PROGRESS</ARBGB>
     <MSGNR>047</MSGNR>
     <TEXT>Uploading...</TEXT>
    </T100>
    <T100>
     <SPRSL>E</SPRSL>
     <ARBGB>ZSMX_PAL_PROGRESS</ARBGB>
     <MSGNR>050</MSGNR>
     <TEXT>051-074 Reporting</TEXT>
    </T100>
    <T100>
     <SPRSL>E</SPRSL>
     <ARBGB>ZSMX_PAL_PROGRESS</ARBGB>
     <MSGNR>051</MSGNR>
     <TEXT>Preparing ALV display...</TEXT>
    </T100>
    <T100>
     <SPRSL>E</SPRSL>
     <ARBGB>ZSMX_PAL_PROGRESS</ARBGB>
     <MSGNR>052</MSGNR>
     <TEXT>Preparing List display...</TEXT>
    </T100>
    <T100>
     <SPRSL>E</SPRSL>
     <ARBGB>ZSMX_PAL_PROGRESS</ARBGB>
     <MSGNR>053</MSGNR>
     <TEXT>Preparing Display...</TEXT>
    </T100>
    <T100>
     <SPRSL>E</SPRSL>
     <ARBGB>ZSMX_PAL_PROGRESS</ARBGB>
     <MSGNR>056</MSGNR>
     <TEXT>Reading Extract &amp;...</TEXT>
    </T100>
    <T100>
     <SPRSL>E</SPRSL>
     <ARBGB>ZSMX_PAL_PROGRESS</ARBGB>
     <MSGNR>057</MSGNR>
     <TEXT>Writing Extract &amp;...</TEXT>
    </T100>
    <T100>
     <SPRSL>E</SPRSL>
     <ARBGB>ZSMX_PAL_PROGRESS</ARBGB>
     <MSGNR>058</MSGNR>
    </T100>
    <T100>
     <SPRSL>E</SPRSL>
     <ARBGB>ZSMX_PAL_PROGRESS</ARBGB>
     <MSGNR>075</MSGNR>
     <TEXT>076-089 Master Data</TEXT>
    </T100>
    <T100>
     <SPRSL>E</SPRSL>
     <ARBGB>ZSMX_PAL_PROGRESS</ARBGB>
     <MSGNR>076</MSGNR>
    </T100>
    <T100>
     <SPRSL>E</SPRSL>
     <ARBGB>ZSMX_PAL_PROGRESS</ARBGB>
     <MSGNR>077</MSGNR>
     <TEXT>Reading Change pointers...</TEXT>
    </T100>
    <T100>
     <SPRSL>E</SPRSL>
     <ARBGB>ZSMX_PAL_PROGRESS</ARBGB>
     <MSGNR>078</MSGNR>
     <TEXT>Reading Material &lt;-&gt; BoM links...</TEXT>
    </T100>
    <T100>
     <SPRSL>E</SPRSL>
     <ARBGB>ZSMX_PAL_PROGRESS</ARBGB>
     <MSGNR>079</MSGNR>
     <TEXT>Reading BoMs...</TEXT>
    </T100>
    <T100>
     <SPRSL>E</SPRSL>
     <ARBGB>ZSMX_PAL_PROGRESS</ARBGB>
     <MSGNR>090</MSGNR>
     <TEXT>091-099 Application Log</TEXT>
    </T100>
    <T100>
     <SPRSL>E</SPRSL>
     <ARBGB>ZSMX_PAL_PROGRESS</ARBGB>
     <MSGNR>091</MSGNR>
     <TEXT>Preparing Application log Display...</TEXT>
    </T100>
    <T100>
     <SPRSL>E</SPRSL>
     <ARBGB>ZSMX_PAL_PROGRESS</ARBGB>
     <MSGNR>092</MSGNR>
     <TEXT>Saving Application log...</TEXT>
    </T100>
    <T100>
     <SPRSL>E</SPRSL>
     <ARBGB>ZSMX_PAL_PROGRESS</ARBGB>
     <MSGNR>093</MSGNR>
     <TEXT>Creating Application log...</TEXT>
    </T100>
    <T100>
     <SPRSL>E</SPRSL>
     <ARBGB>ZSMX_PAL_PROGRESS</ARBGB>
     <MSGNR>094</MSGNR>
     <TEXT>Clearing Application log...</TEXT>
    </T100>
    <T100>
     <SPRSL>E</SPRSL>
     <ARBGB>ZSMX_PAL_PROGRESS</ARBGB>
     <MSGNR>095</MSGNR>
     <TEXT>Reading Application log...</TEXT>
    </T100>
    <T100>
     <SPRSL>E</SPRSL>
     <ARBGB>ZSMX_PAL_PROGRESS</ARBGB>
     <MSGNR>100</MSGNR>
     <TEXT>101 - 149 Purchasing</TEXT>
    </T100>
    <T100>
     <SPRSL>E</SPRSL>
     <ARBGB>ZSMX_PAL_PROGRESS</ARBGB>
     <MSGNR>101</MSGNR>
     <TEXT>Reading Requisitions...</TEXT>
    </T100>
    <T100>
     <SPRSL>E</SPRSL>
     <ARBGB>ZSMX_PAL_PROGRESS</ARBGB>
     <MSGNR>102</MSGNR>
     <TEXT>Reading Purchase orders...</TEXT>
    </T100>
    <T100>
     <SPRSL>E</SPRSL>
     <ARBGB>ZSMX_PAL_PROGRESS</ARBGB>
     <MSGNR>103</MSGNR>
     <TEXT>Reading Service entry sheets...</TEXT>
    </T100>
    <T100>
     <SPRSL>E</SPRSL>
     <ARBGB>ZSMX_PAL_PROGRESS</ARBGB>
     <MSGNR>104</MSGNR>
     <TEXT>Creating Purchase order &amp;...</TEXT>
    </T100>
    <T100>
     <SPRSL>E</SPRSL>
     <ARBGB>ZSMX_PAL_PROGRESS</ARBGB>
     <MSGNR>105</MSGNR>
     <TEXT>Reading Obligations...</TEXT>
    </T100>
    <T100>
     <SPRSL>E</SPRSL>
     <ARBGB>ZSMX_PAL_PROGRESS</ARBGB>
     <MSGNR>106</MSGNR>
     <TEXT>Reading Commitments...</TEXT>
    </T100>
    <T100>
     <SPRSL>E</SPRSL>
     <ARBGB>ZSMX_PAL_PROGRESS</ARBGB>
     <MSGNR>107</MSGNR>
     <TEXT>Copying Obligations...</TEXT>
    </T100>
    <T100>
     <SPRSL>E</SPRSL>
     <ARBGB>ZSMX_PAL_PROGRESS</ARBGB>
     <MSGNR>108</MSGNR>
     <TEXT>Copying Commitments...</TEXT>
    </T100>
    <T100>
     <SPRSL>E</SPRSL>
     <ARBGB>ZSMX_PAL_PROGRESS</ARBGB>
     <MSGNR>109</MSGNR>
     <TEXT>Reading PO Obligations...</TEXT>
    </T100>
    <T100>
     <SPRSL>E</SPRSL>
     <ARBGB>ZSMX_PAL_PROGRESS</ARBGB>
     <MSGNR>110</MSGNR>
     <TEXT>Reading SES Obligations...</TEXT>
    </T100>
    <T100>
     <SPRSL>E</SPRSL>
     <ARBGB>ZSMX_PAL_PROGRESS</ARBGB>
     <MSGNR>111</MSGNR>
     <TEXT>Comparing Requisition values......</TEXT>
    </T100>
    <T100>
     <SPRSL>E</SPRSL>
     <ARBGB>ZSMX_PAL_PROGRESS</ARBGB>
     <MSGNR>112</MSGNR>
     <TEXT>Comparing PO values...</TEXT>
    </T100>
    <T100>
     <SPRSL>E</SPRSL>
     <ARBGB>ZSMX_PAL_PROGRESS</ARBGB>
     <MSGNR>113</MSGNR>
     <TEXT>Comparing Movement values...</TEXT>
    </T100>
    <T100>
     <SPRSL>E</SPRSL>
     <ARBGB>ZSMX_PAL_PROGRESS</ARBGB>
     <MSGNR>114</MSGNR>
     <TEXT>Comparing Invoice values...</TEXT>
    </T100>
    <T100>
     <SPRSL>E</SPRSL>
     <ARBGB>ZSMX_PAL_PROGRESS</ARBGB>
     <MSGNR>115</MSGNR>
     <TEXT>Comparing CO Line item values...</TEXT>
    </T100>
    <T100>
     <SPRSL>E</SPRSL>
     <ARBGB>ZSMX_PAL_PROGRESS</ARBGB>
     <MSGNR>120</MSGNR>
    </T100>
    <T100>
     <SPRSL>E</SPRSL>
     <ARBGB>ZSMX_PAL_PROGRESS</ARBGB>
     <MSGNR>121</MSGNR>
     <TEXT>Writing Obligations...</TEXT>
    </T100>
    <T100>
     <SPRSL>E</SPRSL>
     <ARBGB>ZSMX_PAL_PROGRESS</ARBGB>
     <MSGNR>122</MSGNR>
     <TEXT>Writing Commitments...</TEXT>
    </T100>
    <T100>
     <SPRSL>E</SPRSL>
     <ARBGB>ZSMX_PAL_PROGRESS</ARBGB>
     <MSGNR>123</MSGNR>
     <TEXT>Creating Commitments...</TEXT>
    </T100>
    <T100>
     <SPRSL>E</SPRSL>
     <ARBGB>ZSMX_PAL_PROGRESS</ARBGB>
     <MSGNR>124</MSGNR>
     <TEXT>Changing Commitments...</TEXT>
    </T100>
    <T100>
     <SPRSL>E</SPRSL>
     <ARBGB>ZSMX_PAL_PROGRESS</ARBGB>
     <MSGNR>125</MSGNR>
     <TEXT>Cancelling Commitments...</TEXT>
    </T100>
    <T100>
     <SPRSL>E</SPRSL>
     <ARBGB>ZSMX_PAL_PROGRESS</ARBGB>
     <MSGNR>126</MSGNR>
     <TEXT>Redistributing Commitments...</TEXT>
    </T100>
    <T100>
     <SPRSL>E</SPRSL>
     <ARBGB>ZSMX_PAL_PROGRESS</ARBGB>
     <MSGNR>150</MSGNR>
     <TEXT>151 - 199 FI, CO, Travel, etc.</TEXT>
    </T100>
    <T100>
     <SPRSL>E</SPRSL>
     <ARBGB>ZSMX_PAL_PROGRESS</ARBGB>
     <MSGNR>151</MSGNR>
     <TEXT>Reading Funding...</TEXT>
    </T100>
    <T100>
     <SPRSL>E</SPRSL>
     <ARBGB>ZSMX_PAL_PROGRESS</ARBGB>
     <MSGNR>152</MSGNR>
     <TEXT>Reading Reservations...</TEXT>
    </T100>
    <T100>
     <SPRSL>E</SPRSL>
     <ARBGB>ZSMX_PAL_PROGRESS</ARBGB>
     <MSGNR>153</MSGNR>
     <TEXT>Reading Ship orders...</TEXT>
    </T100>
    <T100>
     <SPRSL>E</SPRSL>
     <ARBGB>ZSMX_PAL_PROGRESS</ARBGB>
     <MSGNR>154</MSGNR>
     <TEXT>Reading Training bookings...</TEXT>
    </T100>
    <T100>
     <SPRSL>E</SPRSL>
     <ARBGB>ZSMX_PAL_PROGRESS</ARBGB>
     <MSGNR>155</MSGNR>
     <TEXT>Reading Travel pre-expenses...</TEXT>
    </T100>
    <T100>
     <SPRSL>E</SPRSL>
     <ARBGB>ZSMX_PAL_PROGRESS</ARBGB>
     <MSGNR>156</MSGNR>
     <TEXT>Reading Actual expenses...</TEXT>
    </T100>
    <T100>
     <SPRSL>E</SPRSL>
     <ARBGB>ZSMX_PAL_PROGRESS</ARBGB>
     <MSGNR>157</MSGNR>
     <TEXT>Pre-settling Orders...</TEXT>
    </T100>
    <T100>
     <SPRSL>E</SPRSL>
     <ARBGB>ZSMX_PAL_PROGRESS</ARBGB>
     <MSGNR>158</MSGNR>
     <TEXT>Simulating Commitment settlements...</TEXT>
    </T100>
    <T100>
     <SPRSL>E</SPRSL>
     <ARBGB>ZSMX_PAL_PROGRESS</ARBGB>
     <MSGNR>159</MSGNR>
     <TEXT>Reading Allocations...</TEXT>
    </T100>
    <T100>
     <SPRSL>E</SPRSL>
     <ARBGB>ZSMX_PAL_PROGRESS</ARBGB>
     <MSGNR>160</MSGNR>
     <TEXT>Getting Revenue...</TEXT>
    </T100>
    <T100>
     <SPRSL>E</SPRSL>
     <ARBGB>ZSMX_PAL_PROGRESS</ARBGB>
     <MSGNR>161</MSGNR>
     <TEXT>Comparing Commitment values...</TEXT>
    </T100>
    <T100>
     <SPRSL>E</SPRSL>
     <ARBGB>ZSMX_PAL_PROGRESS</ARBGB>
     <MSGNR>162</MSGNR>
     <TEXT>Processing Expenses...</TEXT>
    </T100>
    <T100>
     <SPRSL>E</SPRSL>
     <ARBGB>ZSMX_PAL_PROGRESS</ARBGB>
     <MSGNR>163</MSGNR>
     <TEXT>Reading Invoices...</TEXT>
    </T100>
    <T100>
     <SPRSL>E</SPRSL>
     <ARBGB>ZSMX_PAL_PROGRESS</ARBGB>
     <MSGNR>164</MSGNR>
     <TEXT>Processing Trips...</TEXT>
    </T100>
    <T100>
     <SPRSL>E</SPRSL>
     <ARBGB>ZSMX_PAL_PROGRESS</ARBGB>
     <MSGNR>165</MSGNR>
     <TEXT>Reading Settlements...</TEXT>
    </T100>
    <T100>
     <SPRSL>E</SPRSL>
     <ARBGB>ZSMX_PAL_PROGRESS</ARBGB>
     <MSGNR>166</MSGNR>
     <TEXT>Settling Trips and cancelling Commitments...</TEXT>
    </T100>
    <T100>
     <SPRSL>E</SPRSL>
     <ARBGB>ZSMX_PAL_PROGRESS</ARBGB>
     <MSGNR>167</MSGNR>
     <TEXT>Redistributing Costs and Commitments...</TEXT>
    </T100>
    <T100>
     <SPRSL>E</SPRSL>
     <ARBGB>ZSMX_PAL_PROGRESS</ARBGB>
     <MSGNR>168</MSGNR>
     <TEXT>Getting Forecast...</TEXT>
    </T100>
    <T100>
     <SPRSL>E</SPRSL>
     <ARBGB>ZSMX_PAL_PROGRESS</ARBGB>
     <MSGNR>169</MSGNR>
     <TEXT>Getting Variance...</TEXT>
    </T100>
    <T100>
     <SPRSL>E</SPRSL>
     <ARBGB>ZSMX_PAL_PROGRESS</ARBGB>
     <MSGNR>170</MSGNR>
     <TEXT>Adjusting Revenue...</TEXT>
    </T100>
    <T100>
     <SPRSL>E</SPRSL>
     <ARBGB>ZSMX_PAL_PROGRESS</ARBGB>
     <MSGNR>171</MSGNR>
     <TEXT>Processing Trips...</TEXT>
    </T100>
    <T100>
     <SPRSL>E</SPRSL>
     <ARBGB>ZSMX_PAL_PROGRESS</ARBGB>
     <MSGNR>191</MSGNR>
     <TEXT>Converting to Local currency...</TEXT>
    </T100>
    <T100>
     <SPRSL>E</SPRSL>
     <ARBGB>ZSMX_PAL_PROGRESS</ARBGB>
     <MSGNR>192</MSGNR>
     <TEXT>Converting to Global currency...</TEXT>
    </T100>
    <T100>
     <SPRSL>E</SPRSL>
     <ARBGB>ZSMX_PAL_PROGRESS</ARBGB>
     <MSGNR>193</MSGNR>
     <TEXT>Converting to &amp; &amp;...</TEXT>
    </T100>
    <T100>
     <SPRSL>E</SPRSL>
     <ARBGB>ZSMX_PAL_PROGRESS</ARBGB>
     <MSGNR>200</MSGNR>
     <TEXT>201 - 249 Plant &amp; PM</TEXT>
    </T100>
    <T100>
     <SPRSL>E</SPRSL>
     <ARBGB>ZSMX_PAL_PROGRESS</ARBGB>
     <MSGNR>201</MSGNR>
     <TEXT>Reading Maintenance plans...</TEXT>
    </T100>
    <T100>
     <SPRSL>E</SPRSL>
     <ARBGB>ZSMX_PAL_PROGRESS</ARBGB>
     <MSGNR>202</MSGNR>
     <TEXT>Reading Notifications...</TEXT>
    </T100>
    <T100>
     <SPRSL>E</SPRSL>
     <ARBGB>ZSMX_PAL_PROGRESS</ARBGB>
     <MSGNR>203</MSGNR>
     <TEXT>Reading Orders...</TEXT>
    </T100>
    <T100>
     <SPRSL>E</SPRSL>
     <ARBGB>ZSMX_PAL_PROGRESS</ARBGB>
     <MSGNR>204</MSGNR>
     <TEXT>Reading Equipment data...</TEXT>
    </T100>
    <T100>
     <SPRSL>E</SPRSL>
     <ARBGB>ZSMX_PAL_PROGRESS</ARBGB>
     <MSGNR>205</MSGNR>
     <TEXT>Reading Functional locations...</TEXT>
    </T100>
    <T100>
     <SPRSL>E</SPRSL>
     <ARBGB>ZSMX_PAL_PROGRESS</ARBGB>
     <MSGNR>208</MSGNR>
     <TEXT>Checking Order &amp;1...</TEXT>
    </T100>
    <T100>
     <SPRSL>E</SPRSL>
     <ARBGB>ZSMX_PAL_PROGRESS</ARBGB>
     <MSGNR>212</MSGNR>
     <TEXT>Updating Notification &amp;1...</TEXT>
    </T100>
    <T100>
     <SPRSL>E</SPRSL>
     <ARBGB>ZSMX_PAL_PROGRESS</ARBGB>
     <MSGNR>213</MSGNR>
     <TEXT>Updating Order &amp;1...</TEXT>
    </T100>
    <T100>
     <SPRSL>E</SPRSL>
     <ARBGB>ZSMX_PAL_PROGRESS</ARBGB>
     <MSGNR>218</MSGNR>
     <TEXT>Mapping Order &amp;1...</TEXT>
    </T100>
    <T100>
     <SPRSL>E</SPRSL>
     <ARBGB>ZSMX_PAL_PROGRESS</ARBGB>
     <MSGNR>250</MSGNR>
     <TEXT>251 - 299 HR &amp; Payroll</TEXT>
    </T100>
    <T100>
     <SPRSL>E</SPRSL>
     <ARBGB>ZSMX_PAL_PROGRESS</ARBGB>
     <MSGNR>251</MSGNR>
     <TEXT>Gathering Payroll data...</TEXT>
    </T100>
    <T100>
     <SPRSL>E</SPRSL>
     <ARBGB>ZSMX_PAL_PROGRESS</ARBGB>
     <MSGNR>252</MSGNR>
     <TEXT>Delimiting...</TEXT>
    </T100>
    <T100>
     <SPRSL>E</SPRSL>
     <ARBGB>ZSMX_PAL_PROGRESS</ARBGB>
     <MSGNR>253</MSGNR>
     <TEXT>Reassigning...</TEXT>
    </T100>
    <T100>
     <SPRSL>E</SPRSL>
     <ARBGB>ZSMX_PAL_PROGRESS</ARBGB>
     <MSGNR>254</MSGNR>
     <TEXT>Getting Approved time...</TEXT>
    </T100>
    <T100>
     <SPRSL>E</SPRSL>
     <ARBGB>ZSMX_PAL_PROGRESS</ARBGB>
     <MSGNR>300</MSGNR>
     <TEXT>301 - 349 Projects</TEXT>
    </T100>
    <T100>
     <SPRSL>E</SPRSL>
     <ARBGB>ZSMX_PAL_PROGRESS</ARBGB>
     <MSGNR>301</MSGNR>
     <TEXT>Getting Administrative changes...</TEXT>
    </T100>
    <T100>
     <SPRSL>E</SPRSL>
     <ARBGB>ZSMX_PAL_PROGRESS</ARBGB>
     <MSGNR>302</MSGNR>
     <TEXT>Getting Cancellations...</TEXT>
    </T100>
    <T100>
     <SPRSL>E</SPRSL>
     <ARBGB>ZSMX_PAL_PROGRESS</ARBGB>
     <MSGNR>303</MSGNR>
     <TEXT>Getting Bookings...</TEXT>
    </T100>
    <T100>
     <SPRSL>E</SPRSL>
     <ARBGB>ZSMX_PAL_PROGRESS</ARBGB>
     <MSGNR>304</MSGNR>
     <TEXT>Getting Changes...</TEXT>
    </T100>
    <T100>
     <SPRSL>E</SPRSL>
     <ARBGB>ZSMX_PAL_PROGRESS</ARBGB>
     <MSGNR>305</MSGNR>
     <TEXT>Getting Unit-based Study Bookings...</TEXT>
    </T100>
    <T100>
     <SPRSL>E</SPRSL>
     <ARBGB>ZSMX_PAL_PROGRESS</ARBGB>
     <MSGNR>306</MSGNR>
     <TEXT>Getting Miscellaneous services Bookings...</TEXT>
    </T100>
    <T100>
     <SPRSL>E</SPRSL>
     <ARBGB>ZSMX_PAL_PROGRESS</ARBGB>
     <MSGNR>307</MSGNR>
     <TEXT>Getting Activities and Work centers...</TEXT>
    </T100>
    <T100>
     <SPRSL>E</SPRSL>
     <ARBGB>ZSMX_PAL_PROGRESS</ARBGB>
     <MSGNR>350</MSGNR>
     <TEXT>351 - 399 SD</TEXT>
    </T100>
    <T100>
     <SPRSL>E</SPRSL>
     <ARBGB>ZSMX_PAL_PROGRESS</ARBGB>
     <MSGNR>351</MSGNR>
     <TEXT>Getting Quotes...</TEXT>
    </T100>
    <T100>
     <SPRSL>E</SPRSL>
     <ARBGB>ZSMX_PAL_PROGRESS</ARBGB>
     <MSGNR>352</MSGNR>
     <TEXT>Getting Sales orders...</TEXT>
    </T100>
    <T100>
     <SPRSL>E</SPRSL>
     <ARBGB>ZSMX_PAL_PROGRESS</ARBGB>
     <MSGNR>353</MSGNR>
     <TEXT>Looking up Costs...</TEXT>
    </T100>
    <T100>
     <SPRSL>E</SPRSL>
     <ARBGB>ZSMX_PAL_PROGRESS</ARBGB>
     <MSGNR>354</MSGNR>
     <TEXT>Getting Price changes...</TEXT>
    </T100>
    <T100>
     <SPRSL>E</SPRSL>
     <ARBGB>ZSMX_PAL_PROGRESS</ARBGB>
     <MSGNR>355</MSGNR>
     <TEXT>Getting Sales managers (districts)...</TEXT>
    </T100>
    <T100>
     <SPRSL>E</SPRSL>
     <ARBGB>ZSMX_PAL_PROGRESS</ARBGB>
     <MSGNR>356</MSGNR>
     <TEXT>Looking up Billing plans...</TEXT>
    </T100>
    <T100>
     <SPRSL>E</SPRSL>
     <ARBGB>ZSMX_PAL_PROGRESS</ARBGB>
     <MSGNR>357</MSGNR>
     <TEXT>Looking up SD Invoices...</TEXT>
    </T100>
    <T100>
     <SPRSL>E</SPRSL>
     <ARBGB>ZSMX_PAL_PROGRESS</ARBGB>
     <MSGNR>358</MSGNR>
     <TEXT>Getting Invoices...</TEXT>
    </T100>
   </T100>
  </asx:values>
 </asx:abap>
</abapGit>
