﻿<?xml version="1.0" encoding="utf-8"?>
<abapGit version="v1.0.0" serializer="LCL_OBJECT_DTEL" serializer_version="v1.0.0">
 <asx:abap xmlns:asx="http://www.sap.com/abapxml" version="1.0">
  <asx:values>
   <DD04V>
    <ROLLNAME>ZSMX_PAL_XBALSAV</ROLLNAME>
    <DDLANGUAGE>E</DDLANGUAGE>
    <DOMNAME>XFELD</DOMNAME>
    <HEADLEN>01</HEADLEN>
    <SCRLEN1>10</SCRLEN1>
    <SCRLEN2>15</SCRLEN2>
    <SCRLEN3>30</SCRLEN3>
    <DDTEXT>PAL: Save Application Log Indicator</DDTEXT>
    <REPTEXT>S</REPTEXT>
    <SCRTEXT_S>SaveAppLog</SCRTEXT_S>
    <SCRTEXT_M>Save Appl. log</SCRTEXT_M>
    <SCRTEXT_L>Save Application log</SCRTEXT_L>
    <APPLCLASS>AA</APPLCLASS>
    <DTELMASTER>E</DTELMASTER>
    <REFKIND>D</REFKIND>
   </DD04V>
  </asx:values>
 </asx:abap>
</abapGit>
