﻿<?xml version="1.0" encoding="utf-8"?>
<abapGit version="v1.0.0" serializer="LCL_OBJECT_TABL" serializer_version="v1.0.0">
 <asx:abap xmlns:asx="http://www.sap.com/abapxml" version="1.0">
  <asx:values>
   <DD02V>
    <TABNAME>ZSMX_PAL_S_SEL</TABNAME>
    <DDLANGUAGE>E</DDLANGUAGE>
    <TABCLASS>INTTAB</TABCLASS>
    <DDTEXT>PAL: Protocol and Application Log Selections</DDTEXT>
    <EXCLASS>1</EXCLASS>
   </DD02V>
   <DD03P_TABLE>
    <DD03P>
     <TABNAME>ZSMX_PAL_S_SEL</TABNAME>
     <FIELDNAME>PXCKONLY</FIELDNAME>
     <POSITION>0001</POSITION>
     <ROLLNAME>ZSMX_PAL_XCKONLY</ROLLNAME>
     <ADMINFIELD>0</ADMINFIELD>
     <VALEXI>X</VALEXI>
     <SHLPORIGIN>F</SHLPORIGIN>
     <COMPTYPE>E</COMPTYPE>
    </DD03P>
    <DD03P>
     <TABNAME>ZSMX_PAL_S_SEL</TABNAME>
     <FIELDNAME>PXSKNFER</FIELDNAME>
     <POSITION>0002</POSITION>
     <ROLLNAME>ZSMX_PAL_XSKNFER</ROLLNAME>
     <ADMINFIELD>0</ADMINFIELD>
     <VALEXI>X</VALEXI>
     <SHLPORIGIN>F</SHLPORIGIN>
     <COMPTYPE>E</COMPTYPE>
    </DD03P>
    <DD03P>
     <TABNAME>ZSMX_PAL_S_SEL</TABNAME>
     <FIELDNAME>PXPTCLMS</FIELDNAME>
     <POSITION>0003</POSITION>
     <ROLLNAME>ZSMX_PAL_XPTCLMS</ROLLNAME>
     <ADMINFIELD>0</ADMINFIELD>
     <VALEXI>X</VALEXI>
     <SHLPORIGIN>F</SHLPORIGIN>
     <COMPTYPE>E</COMPTYPE>
    </DD03P>
    <DD03P>
     <TABNAME>ZSMX_PAL_S_SEL</TABNAME>
     <FIELDNAME>PMINMT</FIELDNAME>
     <POSITION>0004</POSITION>
     <ROLLNAME>ZSMX_PAL_MINMT</ROLLNAME>
     <ADMINFIELD>0</ADMINFIELD>
     <VALEXI>X</VALEXI>
     <SHLPORIGIN>F</SHLPORIGIN>
     <COMPTYPE>E</COMPTYPE>
    </DD03P>
    <DD03P>
     <TABNAME>ZSMX_PAL_S_SEL</TABNAME>
     <FIELDNAME>PXPRGPTC</FIELDNAME>
     <POSITION>0005</POSITION>
     <ROLLNAME>ZSMX_PAL_XPRGPTC</ROLLNAME>
     <ADMINFIELD>0</ADMINFIELD>
     <VALEXI>X</VALEXI>
     <SHLPORIGIN>F</SHLPORIGIN>
     <COMPTYPE>E</COMPTYPE>
    </DD03P>
    <DD03P>
     <TABNAME>ZSMX_PAL_S_SEL</TABNAME>
     <FIELDNAME>PXDBGLST</FIELDNAME>
     <POSITION>0006</POSITION>
     <ROLLNAME>ZSMX_PAL_XDBGLST</ROLLNAME>
     <ADMINFIELD>0</ADMINFIELD>
     <VALEXI>X</VALEXI>
     <SHLPORIGIN>F</SHLPORIGIN>
     <COMPTYPE>E</COMPTYPE>
    </DD03P>
    <DD03P>
     <TABNAME>ZSMX_PAL_S_SEL</TABNAME>
     <FIELDNAME>PXBALSAV</FIELDNAME>
     <POSITION>0007</POSITION>
     <ROLLNAME>ZSMX_PAL_XBALSAV</ROLLNAME>
     <ADMINFIELD>0</ADMINFIELD>
     <VALEXI>X</VALEXI>
     <SHLPORIGIN>F</SHLPORIGIN>
     <COMPTYPE>E</COMPTYPE>
    </DD03P>
    <DD03P>
     <TABNAME>ZSMX_PAL_S_SEL</TABNAME>
     <FIELDNAME>PBALKPD</FIELDNAME>
     <POSITION>0008</POSITION>
     <ROLLNAME>ZSMX_PAL_BALKPD</ROLLNAME>
     <ADMINFIELD>0</ADMINFIELD>
     <COMPTYPE>E</COMPTYPE>
    </DD03P>
    <DD03P>
     <TABNAME>ZSMX_PAL_S_SEL</TABNAME>
     <FIELDNAME>POBJECT</FIELDNAME>
     <POSITION>0009</POSITION>
     <ROLLNAME>BALOBJ_D</ROLLNAME>
     <ADMINFIELD>0</ADMINFIELD>
     <COMPTYPE>E</COMPTYPE>
    </DD03P>
    <DD03P>
     <TABNAME>ZSMX_PAL_S_SEL</TABNAME>
     <FIELDNAME>PSUBOBJ</FIELDNAME>
     <POSITION>0010</POSITION>
     <ROLLNAME>BALSUBOBJ</ROLLNAME>
     <ADMINFIELD>0</ADMINFIELD>
     <COMPTYPE>E</COMPTYPE>
    </DD03P>
    <DD03P>
     <TABNAME>ZSMX_PAL_S_SEL</TABNAME>
     <FIELDNAME>PEXTNUM</FIELDNAME>
     <POSITION>0011</POSITION>
     <ROLLNAME>BALNREXT</ROLLNAME>
     <ADMINFIELD>0</ADMINFIELD>
     <COMPTYPE>E</COMPTYPE>
    </DD03P>
    <DD03P>
     <TABNAME>ZSMX_PAL_S_SEL</TABNAME>
     <FIELDNAME>SEXTNUM</FIELDNAME>
     <POSITION>0012</POSITION>
     <ROLLNAME>BAL_R_EXTN</ROLLNAME>
     <ADMINFIELD>0</ADMINFIELD>
     <DATATYPE>TTYP</DATATYPE>
     <MASK>  TTYPL</MASK>
     <COMPTYPE>L</COMPTYPE>
    </DD03P>
    <DD03P>
     <TABNAME>ZSMX_PAL_S_SEL</TABNAME>
     <FIELDNAME>PALDATE</FIELDNAME>
     <POSITION>0013</POSITION>
     <ROLLNAME>BALDATE</ROLLNAME>
     <ADMINFIELD>0</ADMINFIELD>
     <SHLPORIGIN>T</SHLPORIGIN>
     <COMPTYPE>E</COMPTYPE>
    </DD03P>
    <DD03P>
     <TABNAME>ZSMX_PAL_S_SEL</TABNAME>
     <FIELDNAME>SALDATE</FIELDNAME>
     <POSITION>0014</POSITION>
     <ROLLNAME>BAL_R_DATE</ROLLNAME>
     <ADMINFIELD>0</ADMINFIELD>
     <DATATYPE>TTYP</DATATYPE>
     <MASK>  TTYPL</MASK>
     <COMPTYPE>L</COMPTYPE>
    </DD03P>
    <DD03P>
     <TABNAME>ZSMX_PAL_S_SEL</TABNAME>
     <FIELDNAME>PALTIME</FIELDNAME>
     <POSITION>0015</POSITION>
     <ROLLNAME>BALTIME</ROLLNAME>
     <ADMINFIELD>0</ADMINFIELD>
     <SHLPORIGIN>T</SHLPORIGIN>
     <COMPTYPE>E</COMPTYPE>
    </DD03P>
    <DD03P>
     <TABNAME>ZSMX_PAL_S_SEL</TABNAME>
     <FIELDNAME>SALTIME</FIELDNAME>
     <POSITION>0016</POSITION>
     <ROLLNAME>BAL_R_TIME</ROLLNAME>
     <ADMINFIELD>0</ADMINFIELD>
     <DATATYPE>TTYP</DATATYPE>
     <MASK>  TTYPL</MASK>
     <COMPTYPE>L</COMPTYPE>
    </DD03P>
    <DD03P>
     <TABNAME>ZSMX_PAL_S_SEL</TABNAME>
     <FIELDNAME>SALUSER</FIELDNAME>
     <POSITION>0017</POSITION>
     <ROLLNAME>BAL_R_USER</ROLLNAME>
     <ADMINFIELD>0</ADMINFIELD>
     <DATATYPE>TTYP</DATATYPE>
     <MASK>  TTYPL</MASK>
     <COMPTYPE>L</COMPTYPE>
    </DD03P>
    <DD03P>
     <TABNAME>ZSMX_PAL_S_SEL</TABNAME>
     <FIELDNAME>PALTCODE</FIELDNAME>
     <POSITION>0018</POSITION>
     <ROLLNAME>BALTCODE</ROLLNAME>
     <ADMINFIELD>0</ADMINFIELD>
     <COMPTYPE>E</COMPTYPE>
    </DD03P>
    <DD03P>
     <TABNAME>ZSMX_PAL_S_SEL</TABNAME>
     <FIELDNAME>PALPROG</FIELDNAME>
     <POSITION>0019</POSITION>
     <ROLLNAME>BALPROG</ROLLNAME>
     <ADMINFIELD>0</ADMINFIELD>
     <COMPTYPE>E</COMPTYPE>
    </DD03P>
    <DD03P>
     <TABNAME>ZSMX_PAL_S_SEL</TABNAME>
     <FIELDNAME>PALMODE</FIELDNAME>
     <POSITION>0020</POSITION>
     <ROLLNAME>BALMODE</ROLLNAME>
     <ADMINFIELD>0</ADMINFIELD>
     <VALEXI>X</VALEXI>
     <SHLPORIGIN>F</SHLPORIGIN>
     <COMPTYPE>E</COMPTYPE>
    </DD03P>
    <DD03P>
     <TABNAME>ZSMX_PAL_S_SEL</TABNAME>
     <FIELDNAME>ALTEXT</FIELDNAME>
     <POSITION>0021</POSITION>
     <ROLLNAME>BALTEXT</ROLLNAME>
     <ADMINFIELD>0</ADMINFIELD>
     <COMPTYPE>E</COMPTYPE>
    </DD03P>
    <DD03P>
     <TABNAME>ZSMX_PAL_S_SEL</TABNAME>
     <FIELDNAME>TABNAME</FIELDNAME>
     <POSITION>0022</POSITION>
     <ROLLNAME>BALTABNAME</ROLLNAME>
     <ADMINFIELD>0</ADMINFIELD>
     <COMPTYPE>E</COMPTYPE>
    </DD03P>
    <DD03P>
     <TABNAME>ZSMX_PAL_S_SEL</TABNAME>
     <FIELDNAME>DISVARIANT</FIELDNAME>
     <POSITION>0023</POSITION>
     <ROLLNAME>DISVARIANT</ROLLNAME>
     <ADMINFIELD>0</ADMINFIELD>
     <DATATYPE>STRU</DATATYPE>
     <MASK>  STRUS</MASK>
     <COMPTYPE>S</COMPTYPE>
    </DD03P>
    <DD03P>
     <TABNAME>ZSMX_PAL_S_SEL</TABNAME>
     <FIELDNAME>PXSOFML</FIELDNAME>
     <POSITION>0031</POSITION>
     <ROLLNAME>CHKBOX</ROLLNAME>
     <ADMINFIELD>0</ADMINFIELD>
     <VALEXI>X</VALEXI>
     <SHLPORIGIN>F</SHLPORIGIN>
     <COMPTYPE>E</COMPTYPE>
    </DD03P>
    <DD03P>
     <TABNAME>ZSMX_PAL_S_SEL</TABNAME>
     <FIELDNAME>PSOMLVL</FIELDNAME>
     <POSITION>0032</POSITION>
     <ROLLNAME>CHAR01</ROLLNAME>
     <ADMINFIELD>0</ADMINFIELD>
     <COMPTYPE>E</COMPTYPE>
    </DD03P>
    <DD03P>
     <TABNAME>ZSMX_PAL_S_SEL</TABNAME>
     <FIELDNAME>PXSNDEX</FIELDNAME>
     <POSITION>0033</POSITION>
     <ROLLNAME>SO_SND_EX</ROLLNAME>
     <ADMINFIELD>0</ADMINFIELD>
     <VALEXI>X</VALEXI>
     <SHLPORIGIN>F</SHLPORIGIN>
     <COMPTYPE>E</COMPTYPE>
    </DD03P>
    <DD03P>
     <TABNAME>ZSMX_PAL_S_SEL</TABNAME>
     <FIELDNAME>PSNDPRI</FIELDNAME>
     <POSITION>0034</POSITION>
     <ROLLNAME>SO_SND_PRI</ROLLNAME>
     <ADMINFIELD>0</ADMINFIELD>
     <VALEXI>X</VALEXI>
     <SHLPORIGIN>F</SHLPORIGIN>
     <COMPTYPE>E</COMPTYPE>
    </DD03P>
    <DD03P>
     <TABNAME>ZSMX_PAL_S_SEL</TABNAME>
     <FIELDNAME>PSNDART</FIELDNAME>
     <POSITION>0035</POSITION>
     <ROLLNAME>TDDEVICE</ROLLNAME>
     <ADMINFIELD>0</ADMINFIELD>
     <VALEXI>X</VALEXI>
     <SHLPORIGIN>F</SHLPORIGIN>
     <COMPTYPE>E</COMPTYPE>
    </DD03P>
    <DD03P>
     <TABNAME>ZSMX_PAL_S_SEL</TABNAME>
     <FIELDNAME>PRECESC</FIELDNAME>
     <POSITION>0036</POSITION>
     <ROLLNAME>SO_ESCAPE</ROLLNAME>
     <ADMINFIELD>0</ADMINFIELD>
     <VALEXI>X</VALEXI>
     <SHLPORIGIN>F</SHLPORIGIN>
     <COMPTYPE>E</COMPTYPE>
    </DD03P>
    <DD03P>
     <TABNAME>ZSMX_PAL_S_SEL</TABNAME>
     <FIELDNAME>PRECNAM</FIELDNAME>
     <POSITION>0037</POSITION>
     <ROLLNAME>SO_REC_NAM</ROLLNAME>
     <ADMINFIELD>0</ADMINFIELD>
     <COMPTYPE>E</COMPTYPE>
    </DD03P>
    <DD03P>
     <TABNAME>ZSMX_PAL_S_SEL</TABNAME>
     <FIELDNAME>PRECXNAM</FIELDNAME>
     <POSITION>0038</POSITION>
     <ROLLNAME>SO_SMTP</ROLLNAME>
     <ADMINFIELD>0</ADMINFIELD>
     <COMPTYPE>E</COMPTYPE>
    </DD03P>
    <DD03P>
     <TABNAME>ZSMX_PAL_S_SEL</TABNAME>
     <FIELDNAME>POBJDES</FIELDNAME>
     <POSITION>0039</POSITION>
     <ROLLNAME>SO_OBJ_DES</ROLLNAME>
     <ADMINFIELD>0</ADMINFIELD>
     <COMPTYPE>E</COMPTYPE>
    </DD03P>
   </DD03P_TABLE>
  </asx:values>
 </asx:abap>
</abapGit>
