﻿<?xml version="1.0" encoding="utf-8"?>
<abapGit version="v1.0.0">
 <asx:abap xmlns:asx="http://www.sap.com/abapxml" version="1.0">
  <asx:values>
   <PROGDIR>
    <NAME>SAPLZSMX_PAL</NAME>
    <STATE>A</STATE>
    <VARCL>X</VARCL>
    <DBAPL>S</DBAPL>
    <DBNA>D$</DBNA>
    <SUBC>F</SUBC>
    <APPL>S</APPL>
    <RLOAD>E</RLOAD>
    <FIXPT>X</FIXPT>
    <LDBNAME>D$S</LDBNAME>
    <UCCHECK>X</UCCHECK>
   </PROGDIR>
   <TPOOL>
    <item>
     <ID>I</ID>
     <KEY>BAL</KEY>
     <ENTRY>Application Log Filters</ENTRY>
     <LENGTH>46</LENGTH>
    </item>
    <item>
     <ID>I</ID>
     <KEY>TTL</KEY>
     <ENTRY>SMX: Analyze Application Log w/Context</ENTRY>
     <LENGTH>39</LENGTH>
    </item>
    <item>
     <ID>S</ID>
     <KEY>PALPROG</KEY>
     <ENTRY>.</ENTRY>
     <LENGTH>15</LENGTH>
     <SPLIT>D</SPLIT>
    </item>
    <item>
     <ID>S</ID>
     <KEY>PALTCODE</KEY>
     <ENTRY>.</ENTRY>
     <LENGTH>24</LENGTH>
     <SPLIT>D</SPLIT>
    </item>
    <item>
     <ID>S</ID>
     <KEY>PALUSER</KEY>
     <ENTRY>.</ENTRY>
     <LENGTH>12</LENGTH>
     <SPLIT>D</SPLIT>
    </item>
    <item>
     <ID>S</ID>
     <KEY>POBJECT</KEY>
     <ENTRY>.</ENTRY>
     <LENGTH>14</LENGTH>
     <SPLIT>D</SPLIT>
    </item>
    <item>
     <ID>S</ID>
     <KEY>PSUBOBJ</KEY>
     <ENTRY>.</ENTRY>
     <LENGTH>17</LENGTH>
     <SPLIT>D</SPLIT>
    </item>
    <item>
     <ID>S</ID>
     <KEY>SALDATE</KEY>
     <ENTRY>.</ENTRY>
     <LENGTH>12</LENGTH>
     <SPLIT>D</SPLIT>
    </item>
    <item>
     <ID>S</ID>
     <KEY>SEXTNUM</KEY>
     <ENTRY>.</ENTRY>
     <LENGTH>19</LENGTH>
     <SPLIT>D</SPLIT>
    </item>
   </TPOOL>
  </asx:values>
 </asx:abap>
</abapGit>
