﻿<?xml version="1.0" encoding="utf-8"?>
<abapGit version="v1.0.0" serializer="LCL_OBJECT_DTEL" serializer_version="v1.0.0">
 <asx:abap xmlns:asx="http://www.sap.com/abapxml" version="1.0">
  <asx:values>
   <DD04V>
    <ROLLNAME>ZSMX_PAL_MINPC</ROLLNAME>
    <DDLANGUAGE>E</DDLANGUAGE>
    <DOMNAME>ZSMX_PAL_MINPC</DOMNAME>
    <HEADLEN>01</HEADLEN>
    <SCRLEN1>10</SCRLEN1>
    <SCRLEN2>15</SCRLEN2>
    <SCRLEN3>30</SCRLEN3>
    <DDTEXT>PAL: Minimum Problem Class to Display</DDTEXT>
    <REPTEXT>M</REPTEXT>
    <SCRTEXT_S>MinProbCl</SCRTEXT_S>
    <SCRTEXT_M>Min. Prob. cl.</SCRTEXT_M>
    <SCRTEXT_L>Minimum Problem class</SCRTEXT_L>
    <DTELMASTER>E</DTELMASTER>
    <REFKIND>D</REFKIND>
   </DD04V>
  </asx:values>
 </asx:abap>
</abapGit>
